#node1	node2	node1_string_id	node2_string_id	homology	experimentally_determined_interaction	database_annotated	automated_textmining	combined_score
AFTPH	AP4S1	9606.ENSP00000238855	9606.ENSP00000216366	0	0	0.900	0	0.900
AFTPH	AP3M1	9606.ENSP00000238855	9606.ENSP00000347408	0	0	0.540	0	0.540
AFTPH	AP3D1	9606.ENSP00000238855	9606.ENSP00000495274	0	0	0.540	0	0.540
AFTPH	SLC18A3	9606.ENSP00000238855	9606.ENSP00000363229	0	0	0.540	0	0.540
AFTPH	AP3B1	9606.ENSP00000238855	9606.ENSP00000255194	0	0	0.540	0	0.540
AFTPH	AP3B2	9606.ENSP00000238855	9606.ENSP00000440984	0	0	0.540	0	0.540
AFTPH	CLBA1	9606.ENSP00000238855	9606.ENSP00000450114	0	0	0.540	0	0.540
AFTPH	AP1M1	9606.ENSP00000238855	9606.ENSP00000388996	0	0.226	0.540	0	0.628
AFTPH	AP1G1	9606.ENSP00000238855	9606.ENSP00000377148	0	0.292	0.540	0	0.660
AFTPH	SGIP1	9606.ENSP00000238855	9606.ENSP00000360076	0	0	0.720	0	0.720
AFTPH	AP3M2	9606.ENSP00000238855	9606.ENSP00000428787	0	0	0.720	0	0.720
AFTPH	AP1G2	9606.ENSP00000238855	9606.ENSP00000312442	0	0	0.540	0.423	0.723
AFTPH	AP1B1	9606.ENSP00000238855	9606.ENSP00000350199	0	0.451	0.540	0	0.736
AFTPH	AP1S3	9606.ENSP00000238855	9606.ENSP00000379891	0	0.610	0.540	0	0.812
AFTPH	AP1M2	9606.ENSP00000238855	9606.ENSP00000465685	0	0.657	0.540	0	0.835
AFTPH	AP1S2	9606.ENSP00000238855	9606.ENSP00000500695	0	0.652	0.720	0	0.898
AFTPH	AP5S1	9606.ENSP00000238855	9606.ENSP00000481750	0	0	0.900	0	0.900
AFTPH	AP4E1	9606.ENSP00000238855	9606.ENSP00000261842	0	0	0.900	0	0.900
AFTPH	AP3S2	9606.ENSP00000238855	9606.ENSP00000338777	0	0	0.900	0	0.900
AFTPH	AP4M1	9606.ENSP00000238855	9606.ENSP00000403663	0	0	0.900	0	0.900
AFTPH	AP3S1	9606.ENSP00000238855	9606.ENSP00000325369	0	0	0.900	0	0.900
AFTPH	AP5B1	9606.ENSP00000238855	9606.ENSP00000454303	0	0	0.900	0	0.900
AFTPH	AP5Z1	9606.ENSP00000238855	9606.ENSP00000497815	0	0	0.900	0	0.900
AFTPH	AP2S1	9606.ENSP00000238855	9606.ENSP00000470176	0	0	0.900	0	0.900
AFTPH	AP5M1	9606.ENSP00000238855	9606.ENSP00000261558	0	0	0.900	0	0.900
AFTPH	AP2M1	9606.ENSP00000238855	9606.ENSP00000403362	0	0	0.900	0	0.900
AFTPH	AP2A1	9606.ENSP00000238855	9606.ENSP00000351926	0	0	0.900	0	0.900
AFTPH	AP4B1	9606.ENSP00000238855	9606.ENSP00000358582	0	0	0.900	0	0.900
AFTPH	AP2A2	9606.ENSP00000238855	9606.ENSP00000327694	0	0	0.900	0	0.900
AFTPH	AP1S1	9606.ENSP00000238855	9606.ENSP00000336666	0	0	0.900	0	0.900
AFTPH	SYNRG	9606.ENSP00000238855	9606.ENSP00000483453	0	0.671	0.720	0	0.903
AFTPH	AP2B1	9606.ENSP00000238855	9606.ENSP00000483185	0	0.140	0.900	0	0.910
AP1B1	AP4S1	9606.ENSP00000350199	9606.ENSP00000216366	0	0.314	0.540	0.092	0.688
AP1B1	AFTPH	9606.ENSP00000350199	9606.ENSP00000238855	0	0.451	0.540	0	0.736
AP1B1	AP3B1	9606.ENSP00000350199	9606.ENSP00000255194	0	0	0.540	0	0.540
AP1B1	AP5M1	9606.ENSP00000350199	9606.ENSP00000261558	0	0.311	0.540	0.088	0.685
AP1B1	AP4E1	9606.ENSP00000350199	9606.ENSP00000261842	0	0.317	0.540	0.102	0.693
AP1B1	AP1G2	9606.ENSP00000350199	9606.ENSP00000312442	0	0.554	0.900	0.102	0.956
AP1B1	AP3S1	9606.ENSP00000350199	9606.ENSP00000325369	0	0	0.540	0	0.540
AP1B1	AP2A2	9606.ENSP00000350199	9606.ENSP00000327694	0	0.687	0.540	0.059	0.853
AP1B1	AP1S1	9606.ENSP00000350199	9606.ENSP00000336666	0	0.803	0.900	0.423	0.987
AP1B1	AP3S2	9606.ENSP00000350199	9606.ENSP00000338777	0	0	0.540	0	0.540
AP1B1	AP3M1	9606.ENSP00000350199	9606.ENSP00000347408	0	0	0.540	0	0.540
AP1B1	AP5S1	9606.ENSP00000350199	9606.ENSP00000481750	0	0	0.540	0	0.540
AP1B1	AP3B2	9606.ENSP00000350199	9606.ENSP00000440984	0	0	0.540	0	0.540
AP1B1	AP3M2	9606.ENSP00000350199	9606.ENSP00000428787	0	0	0.540	0	0.540
AP1B1	AP4B1	9606.ENSP00000350199	9606.ENSP00000358582	0	0	0.540	0	0.540
AP1B1	AP5B1	9606.ENSP00000350199	9606.ENSP00000454303	0	0	0.540	0	0.540
AP1B1	CLBA1	9606.ENSP00000350199	9606.ENSP00000450114	0	0	0.540	0	0.540
AP1B1	AP5Z1	9606.ENSP00000350199	9606.ENSP00000497815	0	0	0.540	0	0.540
AP1B1	SLC18A3	9606.ENSP00000350199	9606.ENSP00000363229	0	0	0.540	0	0.540
AP1B1	AP3D1	9606.ENSP00000350199	9606.ENSP00000495274	0	0.281	0.540	0.102	0.677
AP1B1	AP4M1	9606.ENSP00000350199	9606.ENSP00000403663	0	0.353	0.540	0.088	0.704
AP1B1	SGIP1	9606.ENSP00000350199	9606.ENSP00000360076	0	0.418	0.540	0	0.720
AP1B1	SYNRG	9606.ENSP00000350199	9606.ENSP00000483453	0	0.431	0.540	0.079	0.737
AP1B1	AP2B1	9606.ENSP00000350199	9606.ENSP00000483185	0	0.591	0.540	0	0.803
AP1B1	AP2S1	9606.ENSP00000350199	9606.ENSP00000470176	0	0.754	0.540	0	0.882
AP1B1	AP2A1	9606.ENSP00000350199	9606.ENSP00000351926	0	0.739	0.540	0.160	0.890
AP1B1	AP2M1	9606.ENSP00000350199	9606.ENSP00000403362	0	0.730	0.540	0.347	0.911
AP1B1	AP1M2	9606.ENSP00000350199	9606.ENSP00000465685	0	0.728	0.900	0.088	0.973
AP1B1	AP1S2	9606.ENSP00000350199	9606.ENSP00000500695	0	0.802	0.900	0.092	0.980
AP1B1	ARF1	9606.ENSP00000350199	9606.ENSP00000440005	0	0.963	0.500	0	0.981
AP1B1	AP1S3	9606.ENSP00000350199	9606.ENSP00000379891	0	0.944	0.900	0.092	0.994
AP1B1	AP1G1	9606.ENSP00000350199	9606.ENSP00000377148	0	0.980	0.900	0.425	0.998
AP1B1	AP1M1	9606.ENSP00000350199	9606.ENSP00000388996	0	0.979	0.900	0.427	0.998
AP1G1	AP4S1	9606.ENSP00000377148	9606.ENSP00000216366	0	0.326	0.540	0.148	0.712
AP1G1	AFTPH	9606.ENSP00000377148	9606.ENSP00000238855	0	0.292	0.540	0	0.660
AP1G1	AP3B1	9606.ENSP00000377148	9606.ENSP00000255194	0	0.246	0.540	0.223	0.706
AP1G1	AP5M1	9606.ENSP00000377148	9606.ENSP00000261558	0	0.256	0.540	0.131	0.676
AP1G1	AP4E1	9606.ENSP00000377148	9606.ENSP00000261842	0	0	0.540	0	0.540
AP1G1	AP1G2	9606.ENSP00000377148	9606.ENSP00000312442	0	0	0.900	0	0.900
AP1G1	AP3S1	9606.ENSP00000377148	9606.ENSP00000325369	0	0.181	0.540	0.181	0.664
AP1G1	AP2A2	9606.ENSP00000377148	9606.ENSP00000327694	0	0	0.540	0	0.540
AP1G1	AP1S1	9606.ENSP00000377148	9606.ENSP00000336666	0	0.803	0.900	0.600	0.991
AP1G1	AP3S2	9606.ENSP00000377148	9606.ENSP00000338777	0	0.181	0.540	0.181	0.664
AP1G1	AP3M1	9606.ENSP00000377148	9606.ENSP00000347408	0	0.243	0.540	0.170	0.685
AP1G1	AP1B1	9606.ENSP00000377148	9606.ENSP00000350199	0	0.980	0.900	0.425	0.998
AP1G1	AP2A1	9606.ENSP00000377148	9606.ENSP00000351926	0	0	0.540	0	0.540
AP1G1	AP4B1	9606.ENSP00000377148	9606.ENSP00000358582	0	0.360	0.540	0.102	0.712
AP1G1	SGIP1	9606.ENSP00000377148	9606.ENSP00000360076	0	0	0.540	0	0.540
AP1G1	SLC18A3	9606.ENSP00000377148	9606.ENSP00000363229	0	0	0.540	0	0.540
AP1G1	CLBA1	9606.ENSP00000377148	9606.ENSP00000450114	0	0	0.540	0	0.540
AP1G1	AP5Z1	9606.ENSP00000377148	9606.ENSP00000497815	0	0	0.540	0	0.540
AP1G1	AP3D1	9606.ENSP00000377148	9606.ENSP00000495274	0	0	0.540	0	0.540
AP1G1	AP5B1	9606.ENSP00000377148	9606.ENSP00000454303	0	0	0.540	0	0.540
AP1G1	AP5S1	9606.ENSP00000377148	9606.ENSP00000481750	0	0	0.540	0	0.540
AP1G1	AP3M2	9606.ENSP00000377148	9606.ENSP00000428787	0	0.243	0.540	0.170	0.685
AP1G1	AP3B2	9606.ENSP00000377148	9606.ENSP00000440984	0	0.246	0.540	0.223	0.706
AP1G1	AP4M1	9606.ENSP00000377148	9606.ENSP00000403663	0	0.362	0.540	0.168	0.734
AP1G1	SYNRG	9606.ENSP00000377148	9606.ENSP00000483453	0	0.457	0.540	0.200	0.782
AP1G1	AP2S1	9606.ENSP00000377148	9606.ENSP00000470176	0	0.501	0.540	0.237	0.809
AP1G1	AP2M1	9606.ENSP00000377148	9606.ENSP00000403362	0	0.622	0.540	0.238	0.856
AP1G1	AP2B1	9606.ENSP00000377148	9606.ENSP00000483185	0	0.755	0.540	0.102	0.890
AP1G1	ARF1	9606.ENSP00000377148	9606.ENSP00000440005	0	0.933	0.500	0.110	0.967
AP1G1	AP1M2	9606.ENSP00000377148	9606.ENSP00000465685	0	0.770	0.900	0.168	0.979
AP1G1	AP1S2	9606.ENSP00000377148	9606.ENSP00000500695	0	0.802	0.900	0.148	0.981
AP1G1	AP1S3	9606.ENSP00000377148	9606.ENSP00000379891	0	0.971	0.900	0.346	0.997
AP1G1	AP1M1	9606.ENSP00000377148	9606.ENSP00000388996	0	0.980	0.900	0.599	0.999
AP1G2	AP4S1	9606.ENSP00000312442	9606.ENSP00000216366	0	0.326	0.540	0.148	0.712
AP1G2	AFTPH	9606.ENSP00000312442	9606.ENSP00000238855	0	0	0.540	0.423	0.723
AP1G2	AP3B1	9606.ENSP00000312442	9606.ENSP00000255194	0	0.246	0.540	0.223	0.706
AP1G2	AP5M1	9606.ENSP00000312442	9606.ENSP00000261558	0	0.256	0.540	0.131	0.676
AP1G2	AP4E1	9606.ENSP00000312442	9606.ENSP00000261842	0	0	0.540	0	0.540
AP1G2	SGIP1	9606.ENSP00000312442	9606.ENSP00000360076	0	0	0.540	0	0.540
AP1G2	CLBA1	9606.ENSP00000312442	9606.ENSP00000450114	0	0	0.540	0	0.540
AP1G2	AP2A2	9606.ENSP00000312442	9606.ENSP00000327694	0	0	0.540	0	0.540
AP1G2	SLC18A3	9606.ENSP00000312442	9606.ENSP00000363229	0	0	0.540	0	0.540
AP1G2	AP3D1	9606.ENSP00000312442	9606.ENSP00000495274	0	0	0.540	0	0.540
AP1G2	AP5Z1	9606.ENSP00000312442	9606.ENSP00000497815	0	0	0.540	0	0.540
AP1G2	AP2A1	9606.ENSP00000312442	9606.ENSP00000351926	0	0	0.540	0	0.540
AP1G2	AP5S1	9606.ENSP00000312442	9606.ENSP00000481750	0	0	0.540	0	0.540
AP1G2	AP5B1	9606.ENSP00000312442	9606.ENSP00000454303	0	0	0.540	0	0.540
AP1G2	AP3S2	9606.ENSP00000312442	9606.ENSP00000338777	0	0.181	0.540	0.181	0.664
AP1G2	AP3S1	9606.ENSP00000312442	9606.ENSP00000325369	0	0.181	0.540	0.181	0.664
AP1G2	AP3M2	9606.ENSP00000312442	9606.ENSP00000428787	0	0.243	0.540	0.170	0.685
AP1G2	AP3M1	9606.ENSP00000312442	9606.ENSP00000347408	0	0.243	0.540	0.170	0.685
AP1G2	AP3B2	9606.ENSP00000312442	9606.ENSP00000440984	0	0.246	0.540	0.223	0.706
AP1G2	AP4B1	9606.ENSP00000312442	9606.ENSP00000358582	0	0.360	0.540	0.102	0.712
AP1G2	AP4M1	9606.ENSP00000312442	9606.ENSP00000403663	0	0.362	0.540	0.168	0.734
AP1G2	AP2S1	9606.ENSP00000312442	9606.ENSP00000470176	0	0.325	0.540	0.237	0.742
AP1G2	AP2B1	9606.ENSP00000312442	9606.ENSP00000483185	0	0.485	0.540	0.102	0.769
AP1G2	AP2M1	9606.ENSP00000312442	9606.ENSP00000403362	0	0.401	0.540	0.238	0.772
AP1G2	SYNRG	9606.ENSP00000312442	9606.ENSP00000483453	0	0.592	0.540	0	0.804
AP1G2	AP1G1	9606.ENSP00000312442	9606.ENSP00000377148	0	0	0.900	0	0.900
AP1G2	AP1M1	9606.ENSP00000312442	9606.ENSP00000388996	0	0.364	0.900	0.168	0.942
AP1G2	AP1S1	9606.ENSP00000312442	9606.ENSP00000336666	0	0.466	0.900	0.148	0.950
AP1G2	AP1B1	9606.ENSP00000312442	9606.ENSP00000350199	0	0.554	0.900	0.102	0.956
AP1G2	AP1S3	9606.ENSP00000312442	9606.ENSP00000379891	0	0.635	0.900	0.148	0.966
AP1G2	AP1M2	9606.ENSP00000312442	9606.ENSP00000465685	0	0.691	0.900	0.168	0.972
AP1G2	AP1S2	9606.ENSP00000312442	9606.ENSP00000500695	0	0.721	0.900	0.245	0.977
AP1M1	AP4S1	9606.ENSP00000388996	9606.ENSP00000216366	0	0.274	0.540	0.155	0.693
AP1M1	AFTPH	9606.ENSP00000388996	9606.ENSP00000238855	0	0.226	0.540	0	0.628
AP1M1	AP3B1	9606.ENSP00000388996	9606.ENSP00000255194	0	0	0.540	0	0.540
AP1M1	AP5M1	9606.ENSP00000388996	9606.ENSP00000261558	0	0	0.540	0	0.540
AP1M1	AP4E1	9606.ENSP00000388996	9606.ENSP00000261842	0	0.256	0.540	0.131	0.676
AP1M1	AP1G2	9606.ENSP00000388996	9606.ENSP00000312442	0	0.364	0.900	0.168	0.942
AP1M1	AP3S1	9606.ENSP00000388996	9606.ENSP00000325369	0	0	0.540	0	0.540
AP1M1	AP2A2	9606.ENSP00000388996	9606.ENSP00000327694	0	0	0.540	0	0.540
AP1M1	AP1S1	9606.ENSP00000388996	9606.ENSP00000336666	0	0.797	0.900	0.792	0.995
AP1M1	AP3S2	9606.ENSP00000388996	9606.ENSP00000338777	0	0	0.540	0	0.540
AP1M1	AP3M1	9606.ENSP00000388996	9606.ENSP00000347408	0	0	0.540	0	0.540
AP1M1	AP1B1	9606.ENSP00000388996	9606.ENSP00000350199	0	0.979	0.900	0.427	0.998
AP1M1	AP2A1	9606.ENSP00000388996	9606.ENSP00000351926	0	0.245	0.540	0.145	0.677
AP1M1	AP4B1	9606.ENSP00000388996	9606.ENSP00000358582	0	0.342	0.540	0.088	0.699
AP1M1	SGIP1	9606.ENSP00000388996	9606.ENSP00000360076	0	0	0.540	0	0.540
AP1M1	SLC18A3	9606.ENSP00000388996	9606.ENSP00000363229	0	0	0.540	0	0.540
AP1M1	AP1G1	9606.ENSP00000388996	9606.ENSP00000377148	0	0.980	0.900	0.599	0.999
AP1M1	AP1S3	9606.ENSP00000388996	9606.ENSP00000379891	0	0.924	0.900	0.379	0.994
AP1M1	AP3M2	9606.ENSP00000388996	9606.ENSP00000428787	0	0	0.540	0	0.540
AP1M1	AP3B2	9606.ENSP00000388996	9606.ENSP00000440984	0	0	0.540	0	0.540
AP1M1	AP2S1	9606.ENSP00000388996	9606.ENSP00000470176	0	0	0.540	0	0.540
AP1M1	AP4M1	9606.ENSP00000388996	9606.ENSP00000403663	0	0	0.540	0	0.540
AP1M1	CLBA1	9606.ENSP00000388996	9606.ENSP00000450114	0	0	0.540	0	0.540
AP1M1	AP5Z1	9606.ENSP00000388996	9606.ENSP00000497815	0	0	0.540	0	0.540
AP1M1	SYNRG	9606.ENSP00000388996	9606.ENSP00000483453	0	0	0.540	0	0.540
AP1M1	AP5B1	9606.ENSP00000388996	9606.ENSP00000454303	0	0	0.540	0	0.540
AP1M1	AP5S1	9606.ENSP00000388996	9606.ENSP00000481750	0	0	0.540	0	0.540
AP1M1	AP2M1	9606.ENSP00000388996	9606.ENSP00000403362	0	0.044	0.540	0	0.541
AP1M1	AP3D1	9606.ENSP00000388996	9606.ENSP00000495274	0	0.245	0.540	0.131	0.671
AP1M1	AP2B1	9606.ENSP00000388996	9606.ENSP00000483185	0	0.725	0.540	0.088	0.874
AP1M1	ARF1	9606.ENSP00000388996	9606.ENSP00000440005	0	0.906	0.500	0	0.951
AP1M1	AP1M2	9606.ENSP00000388996	9606.ENSP00000465685	0	0.513	0.900	0.158	0.955
AP1M1	AP1S2	9606.ENSP00000388996	9606.ENSP00000500695	0	0.808	0.900	0.559	0.990
AP1M2	AP4S1	9606.ENSP00000465685	9606.ENSP00000216366	0	0.274	0.540	0.155	0.693
AP1M2	AFTPH	9606.ENSP00000465685	9606.ENSP00000238855	0	0.657	0.540	0	0.835
AP1M2	AP3B1	9606.ENSP00000465685	9606.ENSP00000255194	0	0	0.540	0	0.540
AP1M2	AP5M1	9606.ENSP00000465685	9606.ENSP00000261558	0	0	0.540	0	0.540
AP1M2	AP4E1	9606.ENSP00000465685	9606.ENSP00000261842	0	0.256	0.540	0.131	0.676
AP1M2	AP1G2	9606.ENSP00000465685	9606.ENSP00000312442	0	0.691	0.900	0.168	0.972
AP1M2	AP3S1	9606.ENSP00000465685	9606.ENSP00000325369	0	0	0.540	0	0.540
AP1M2	AP2A2	9606.ENSP00000465685	9606.ENSP00000327694	0	0	0.540	0	0.540
AP1M2	AP1S1	9606.ENSP00000465685	9606.ENSP00000336666	0	0.722	0.900	0.607	0.988
AP1M2	AP3S2	9606.ENSP00000465685	9606.ENSP00000338777	0	0	0.540	0	0.540
AP1M2	AP3M1	9606.ENSP00000465685	9606.ENSP00000347408	0	0	0.540	0	0.540
AP1M2	AP1B1	9606.ENSP00000465685	9606.ENSP00000350199	0	0.728	0.900	0.088	0.973
AP1M2	AP2A1	9606.ENSP00000465685	9606.ENSP00000351926	0	0.245	0.540	0.145	0.677
AP1M2	AP4B1	9606.ENSP00000465685	9606.ENSP00000358582	0	0.342	0.540	0.088	0.699
AP1M2	SGIP1	9606.ENSP00000465685	9606.ENSP00000360076	0	0	0.540	0	0.540
AP1M2	SLC18A3	9606.ENSP00000465685	9606.ENSP00000363229	0	0	0.540	0	0.540
AP1M2	AP1G1	9606.ENSP00000465685	9606.ENSP00000377148	0	0.770	0.900	0.168	0.979
AP1M2	AP1S3	9606.ENSP00000465685	9606.ENSP00000379891	0	0.763	0.900	0.155	0.978
AP1M2	AP1M1	9606.ENSP00000465685	9606.ENSP00000388996	0	0.513	0.900	0.158	0.955
AP1M2	AP2M1	9606.ENSP00000465685	9606.ENSP00000403362	0	0.044	0.540	0	0.541
AP1M2	AP4M1	9606.ENSP00000465685	9606.ENSP00000403663	0	0	0.540	0	0.540
AP1M2	AP3M2	9606.ENSP00000465685	9606.ENSP00000428787	0	0	0.540	0	0.540
AP1M2	ARF1	9606.ENSP00000465685	9606.ENSP00000440005	0	0.105	0.500	0	0.533
AP1M2	AP3B2	9606.ENSP00000465685	9606.ENSP00000440984	0	0	0.540	0	0.540
AP1M2	CLBA1	9606.ENSP00000465685	9606.ENSP00000450114	0	0	0.540	0	0.540
AP1M2	AP5B1	9606.ENSP00000465685	9606.ENSP00000454303	0	0	0.540	0	0.540
AP1M2	AP5S1	9606.ENSP00000465685	9606.ENSP00000481750	0	0	0.540	0	0.540
AP1M2	AP5Z1	9606.ENSP00000465685	9606.ENSP00000497815	0	0	0.540	0	0.540
AP1M2	AP2S1	9606.ENSP00000465685	9606.ENSP00000470176	0	0	0.540	0	0.540
AP1M2	AP3D1	9606.ENSP00000465685	9606.ENSP00000495274	0	0.245	0.540	0.131	0.671
AP1M2	SYNRG	9606.ENSP00000465685	9606.ENSP00000483453	0	0.584	0.540	0	0.800
AP1M2	AP2B1	9606.ENSP00000465685	9606.ENSP00000483185	0	0.732	0.540	0.088	0.877
AP1M2	AP1S2	9606.ENSP00000465685	9606.ENSP00000500695	0	0.752	0.900	0.495	0.986
AP1S1	AP4S1	9606.ENSP00000336666	9606.ENSP00000216366	0	0	0.900	0	0.900
AP1S1	AFTPH	9606.ENSP00000336666	9606.ENSP00000238855	0	0	0.900	0	0.900
AP1S1	AP3B1	9606.ENSP00000336666	9606.ENSP00000255194	0	0	0.540	0	0.540
AP1S1	AP5M1	9606.ENSP00000336666	9606.ENSP00000261558	0	0.245	0.900	0.131	0.928
AP1S1	AP4E1	9606.ENSP00000336666	9606.ENSP00000261842	0	0.253	0.900	0.116	0.928
AP1S1	AP1G2	9606.ENSP00000336666	9606.ENSP00000312442	0	0.466	0.900	0.148	0.950
AP1S1	AP3S1	9606.ENSP00000336666	9606.ENSP00000325369	0	0	0.900	0	0.900
AP1S1	AP2A2	9606.ENSP00000336666	9606.ENSP00000327694	0	0	0.900	0	0.900
AP1S1	ARF1	9606.ENSP00000336666	9606.ENSP00000440005	0	0	0.500	0	0.499
AP1S1	AP3B2	9606.ENSP00000336666	9606.ENSP00000440984	0	0	0.540	0	0.540
AP1S1	CLBA1	9606.ENSP00000336666	9606.ENSP00000450114	0	0	0.540	0	0.540
AP1S1	AP3M1	9606.ENSP00000336666	9606.ENSP00000347408	0	0	0.540	0	0.540
AP1S1	SLC18A3	9606.ENSP00000336666	9606.ENSP00000363229	0	0	0.540	0	0.540
AP1S1	AP3D1	9606.ENSP00000336666	9606.ENSP00000495274	0	0.217	0.540	0.116	0.653
AP1S1	SYNRG	9606.ENSP00000336666	9606.ENSP00000483453	0	0	0.720	0	0.720
AP1S1	SGIP1	9606.ENSP00000336666	9606.ENSP00000360076	0	0	0.720	0	0.720
AP1S1	AP3M2	9606.ENSP00000336666	9606.ENSP00000428787	0	0	0.720	0	0.720
AP1S1	AP5S1	9606.ENSP00000336666	9606.ENSP00000481750	0	0	0.900	0	0.900
AP1S1	AP5B1	9606.ENSP00000336666	9606.ENSP00000454303	0	0	0.900	0	0.900
AP1S1	AP1S3	9606.ENSP00000336666	9606.ENSP00000379891	0	0	0.900	0	0.900
AP1S1	AP3S2	9606.ENSP00000336666	9606.ENSP00000338777	0	0	0.900	0	0.900
AP1S1	AP5Z1	9606.ENSP00000336666	9606.ENSP00000497815	0	0	0.900	0	0.900
AP1S1	AP2S1	9606.ENSP00000336666	9606.ENSP00000470176	0	0	0.900	0	0.900
AP1S1	AP1S2	9606.ENSP00000336666	9606.ENSP00000500695	0	0.165	0.900	0.053	0.914
AP1S1	AP2A1	9606.ENSP00000336666	9606.ENSP00000351926	0	0.217	0.900	0.116	0.924
AP1S1	AP4B1	9606.ENSP00000336666	9606.ENSP00000358582	0	0.277	0.900	0.104	0.929
AP1S1	AP2M1	9606.ENSP00000336666	9606.ENSP00000403362	0	0.321	0.900	0	0.929
AP1S1	AP4M1	9606.ENSP00000336666	9606.ENSP00000403663	0	0.315	0.900	0.155	0.937
AP1S1	AP2B1	9606.ENSP00000336666	9606.ENSP00000483185	0	0.735	0.900	0.092	0.973
AP1S1	AP1B1	9606.ENSP00000336666	9606.ENSP00000350199	0	0.803	0.900	0.423	0.987
AP1S1	AP1M2	9606.ENSP00000336666	9606.ENSP00000465685	0	0.722	0.900	0.607	0.988
AP1S1	AP1G1	9606.ENSP00000336666	9606.ENSP00000377148	0	0.803	0.900	0.600	0.991
AP1S1	AP1M1	9606.ENSP00000336666	9606.ENSP00000388996	0	0.797	0.900	0.792	0.995
AP1S2	AP4S1	9606.ENSP00000500695	9606.ENSP00000216366	0	0	0.720	0	0.720
AP1S2	AFTPH	9606.ENSP00000500695	9606.ENSP00000238855	0	0.652	0.720	0	0.898
AP1S2	AP3B1	9606.ENSP00000500695	9606.ENSP00000255194	0	0	0.540	0	0.540
AP1S2	AP5M1	9606.ENSP00000500695	9606.ENSP00000261558	0	0.245	0.720	0.131	0.800
AP1S2	AP4E1	9606.ENSP00000500695	9606.ENSP00000261842	0	0.253	0.720	0.116	0.798
AP1S2	AP1G2	9606.ENSP00000500695	9606.ENSP00000312442	0	0.721	0.900	0.245	0.977
AP1S2	AP3S1	9606.ENSP00000500695	9606.ENSP00000325369	0	0	0.720	0	0.720
AP1S2	AP2A2	9606.ENSP00000500695	9606.ENSP00000327694	0	0	0.720	0	0.720
AP1S2	AP1S1	9606.ENSP00000500695	9606.ENSP00000336666	0	0.165	0.900	0.053	0.914
AP1S2	AP3S2	9606.ENSP00000500695	9606.ENSP00000338777	0	0	0.720	0	0.720
AP1S2	AP3M1	9606.ENSP00000500695	9606.ENSP00000347408	0	0	0.540	0	0.540
AP1S2	AP1B1	9606.ENSP00000500695	9606.ENSP00000350199	0	0.802	0.900	0.092	0.980
AP1S2	AP2A1	9606.ENSP00000500695	9606.ENSP00000351926	0	0.217	0.720	0.116	0.789
AP1S2	AP4B1	9606.ENSP00000500695	9606.ENSP00000358582	0	0.277	0.720	0.104	0.802
AP1S2	SGIP1	9606.ENSP00000500695	9606.ENSP00000360076	0	0	0.720	0	0.720
AP1S2	SLC18A3	9606.ENSP00000500695	9606.ENSP00000363229	0	0	0.540	0	0.540
AP1S2	AP1G1	9606.ENSP00000500695	9606.ENSP00000377148	0	0.802	0.900	0.148	0.981
AP1S2	AP1S3	9606.ENSP00000500695	9606.ENSP00000379891	0	0	0.900	0	0.900
AP1S2	AP1M1	9606.ENSP00000500695	9606.ENSP00000388996	0	0.808	0.900	0.559	0.990
AP1S2	AP2M1	9606.ENSP00000500695	9606.ENSP00000403362	0	0.419	0.720	0	0.830
AP1S2	AP4M1	9606.ENSP00000500695	9606.ENSP00000403663	0	0.315	0.720	0.155	0.823
AP1S2	AP3M2	9606.ENSP00000500695	9606.ENSP00000428787	0	0	0.720	0	0.720
AP1S2	ARF1	9606.ENSP00000500695	9606.ENSP00000440005	0	0	0.500	0	0.499
AP1S2	AP3B2	9606.ENSP00000500695	9606.ENSP00000440984	0	0	0.540	0	0.540
AP1S2	CLBA1	9606.ENSP00000500695	9606.ENSP00000450114	0	0	0.540	0	0.540
AP1S2	AP5B1	9606.ENSP00000500695	9606.ENSP00000454303	0	0	0.720	0	0.720
AP1S2	AP1M2	9606.ENSP00000500695	9606.ENSP00000465685	0	0.752	0.900	0.495	0.986
AP1S2	AP2S1	9606.ENSP00000500695	9606.ENSP00000470176	0	0	0.720	0	0.720
AP1S2	AP5S1	9606.ENSP00000500695	9606.ENSP00000481750	0	0	0.720	0	0.720
AP1S2	AP2B1	9606.ENSP00000500695	9606.ENSP00000483185	0	0.731	0.720	0.092	0.925
AP1S2	SYNRG	9606.ENSP00000500695	9606.ENSP00000483453	0	0.617	0.720	0	0.888
AP1S2	AP3D1	9606.ENSP00000500695	9606.ENSP00000495274	0	0.217	0.540	0.116	0.653
AP1S2	AP5Z1	9606.ENSP00000500695	9606.ENSP00000497815	0	0	0.720	0	0.720
AP1S3	AP4S1	9606.ENSP00000379891	9606.ENSP00000216366	0	0	0.540	0	0.540
AP1S3	AFTPH	9606.ENSP00000379891	9606.ENSP00000238855	0	0.610	0.540	0	0.812
AP1S3	AP3B1	9606.ENSP00000379891	9606.ENSP00000255194	0	0	0.540	0	0.540
AP1S3	AP5M1	9606.ENSP00000379891	9606.ENSP00000261558	0	0.245	0.540	0.131	0.671
AP1S3	AP4E1	9606.ENSP00000379891	9606.ENSP00000261842	0	0.253	0.540	0.116	0.669
AP1S3	AP1G2	9606.ENSP00000379891	9606.ENSP00000312442	0	0.635	0.900	0.148	0.966
AP1S3	AP3S1	9606.ENSP00000379891	9606.ENSP00000325369	0	0	0.540	0	0.540
AP1S3	AP2A2	9606.ENSP00000379891	9606.ENSP00000327694	0	0	0.540	0	0.540
AP1S3	AP1S1	9606.ENSP00000379891	9606.ENSP00000336666	0	0	0.900	0	0.900
AP1S3	AP3S2	9606.ENSP00000379891	9606.ENSP00000338777	0	0	0.540	0	0.540
AP1S3	AP3M1	9606.ENSP00000379891	9606.ENSP00000347408	0	0	0.540	0	0.540
AP1S3	AP1B1	9606.ENSP00000379891	9606.ENSP00000350199	0	0.944	0.900	0.092	0.994
AP1S3	AP2A1	9606.ENSP00000379891	9606.ENSP00000351926	0	0.217	0.540	0.116	0.653
AP1S3	AP4B1	9606.ENSP00000379891	9606.ENSP00000358582	0	0.277	0.540	0.104	0.675
AP1S3	SGIP1	9606.ENSP00000379891	9606.ENSP00000360076	0	0	0.540	0	0.540
AP1S3	SLC18A3	9606.ENSP00000379891	9606.ENSP00000363229	0	0	0.540	0	0.540
AP1S3	AP1G1	9606.ENSP00000379891	9606.ENSP00000377148	0	0.971	0.900	0.346	0.997
AP1S3	AP2S1	9606.ENSP00000379891	9606.ENSP00000470176	0	0	0.540	0	0.540
AP1S3	AP5Z1	9606.ENSP00000379891	9606.ENSP00000497815	0	0	0.540	0	0.540
AP1S3	AP3M2	9606.ENSP00000379891	9606.ENSP00000428787	0	0	0.540	0	0.540
AP1S3	AP3B2	9606.ENSP00000379891	9606.ENSP00000440984	0	0	0.540	0	0.540
AP1S3	CLBA1	9606.ENSP00000379891	9606.ENSP00000450114	0	0	0.540	0	0.540
AP1S3	AP5S1	9606.ENSP00000379891	9606.ENSP00000481750	0	0	0.540	0	0.540
AP1S3	AP5B1	9606.ENSP00000379891	9606.ENSP00000454303	0	0	0.540	0	0.540
AP1S3	AP3D1	9606.ENSP00000379891	9606.ENSP00000495274	0	0.217	0.540	0.116	0.653
AP1S3	AP2M1	9606.ENSP00000379891	9606.ENSP00000403362	0	0.394	0.540	0	0.709
AP1S3	AP4M1	9606.ENSP00000379891	9606.ENSP00000403663	0	0.315	0.540	0.155	0.710
AP1S3	SYNRG	9606.ENSP00000379891	9606.ENSP00000483453	0	0.607	0.540	0	0.811
AP1S3	AP2B1	9606.ENSP00000379891	9606.ENSP00000483185	0	0.637	0.540	0.092	0.835
AP1S3	ARF1	9606.ENSP00000379891	9606.ENSP00000440005	0	0.800	0.500	0	0.895
AP1S3	AP1S2	9606.ENSP00000379891	9606.ENSP00000500695	0	0	0.900	0	0.900
AP1S3	AP1M2	9606.ENSP00000379891	9606.ENSP00000465685	0	0.763	0.900	0.155	0.978
AP1S3	AP1M1	9606.ENSP00000379891	9606.ENSP00000388996	0	0.924	0.900	0.379	0.994
AP2A1	AP4S1	9606.ENSP00000351926	9606.ENSP00000216366	0	0.217	0.900	0.116	0.924
AP2A1	AFTPH	9606.ENSP00000351926	9606.ENSP00000238855	0	0	0.900	0	0.900
AP2A1	AP3B1	9606.ENSP00000351926	9606.ENSP00000255194	0	0.246	0.540	0.178	0.689
AP2A1	AP5M1	9606.ENSP00000351926	9606.ENSP00000261558	0	0.245	0.900	0.145	0.929
AP2A1	AP4E1	9606.ENSP00000351926	9606.ENSP00000261842	0	0	0.900	0	0.900
AP2A1	AP1G2	9606.ENSP00000351926	9606.ENSP00000312442	0	0	0.540	0	0.540
AP2A1	AP3S1	9606.ENSP00000351926	9606.ENSP00000325369	0	0.181	0.900	0.156	0.924
AP2A1	AP2A2	9606.ENSP00000351926	9606.ENSP00000327694	0	0.226	0.900	0.292	0.940
AP2A1	AP1S1	9606.ENSP00000351926	9606.ENSP00000336666	0	0.217	0.900	0.116	0.924
AP2A1	AP3S2	9606.ENSP00000351926	9606.ENSP00000338777	0	0.181	0.900	0.156	0.924
AP2A1	AP3M1	9606.ENSP00000351926	9606.ENSP00000347408	0	0.243	0.540	0.170	0.685
AP2A1	AP1B1	9606.ENSP00000351926	9606.ENSP00000350199	0	0.739	0.540	0.160	0.890
AP2A1	AP1G1	9606.ENSP00000351926	9606.ENSP00000377148	0	0	0.540	0	0.540
AP2A1	CLBA1	9606.ENSP00000351926	9606.ENSP00000450114	0	0	0.540	0	0.540
AP2A1	AP3D1	9606.ENSP00000351926	9606.ENSP00000495274	0	0	0.540	0	0.540
AP2A1	SLC18A3	9606.ENSP00000351926	9606.ENSP00000363229	0	0	0.540	0	0.540
AP2A1	AP1S3	9606.ENSP00000351926	9606.ENSP00000379891	0	0.217	0.540	0.116	0.653
AP2A1	AP1M1	9606.ENSP00000351926	9606.ENSP00000388996	0	0.245	0.540	0.145	0.677
AP2A1	AP1M2	9606.ENSP00000351926	9606.ENSP00000465685	0	0.245	0.540	0.145	0.677
AP2A1	AP3B2	9606.ENSP00000351926	9606.ENSP00000440984	0	0.246	0.540	0.178	0.689
AP2A1	SYNRG	9606.ENSP00000351926	9606.ENSP00000483453	0	0	0.720	0	0.720
AP2A1	AP1S2	9606.ENSP00000351926	9606.ENSP00000500695	0	0.217	0.720	0.116	0.789
AP2A1	SGIP1	9606.ENSP00000351926	9606.ENSP00000360076	0	0.300	0.720	0	0.795
AP2A1	AP3M2	9606.ENSP00000351926	9606.ENSP00000428787	0	0.243	0.720	0.170	0.808
AP2A1	AP5Z1	9606.ENSP00000351926	9606.ENSP00000497815	0	0	0.900	0	0.900
AP2A1	AP5S1	9606.ENSP00000351926	9606.ENSP00000481750	0	0	0.900	0	0.900
AP2A1	AP5B1	9606.ENSP00000351926	9606.ENSP00000454303	0	0	0.900	0	0.900
AP2A1	AP4M1	9606.ENSP00000351926	9606.ENSP00000403663	0	0.245	0.900	0.145	0.929
AP2A1	AP4B1	9606.ENSP00000351926	9606.ENSP00000358582	0	0.356	0.900	0.143	0.939
AP2A1	AP2B1	9606.ENSP00000351926	9606.ENSP00000483185	0	0.755	0.900	0.895	0.997
AP2A1	AP2M1	9606.ENSP00000351926	9606.ENSP00000403362	0	0.844	0.900	0.928	0.998
AP2A1	AP2S1	9606.ENSP00000351926	9606.ENSP00000470176	0	0.884	0.900	0.899	0.998
AP2A2	AP4S1	9606.ENSP00000327694	9606.ENSP00000216366	0	0	0.900	0	0.900
AP2A2	AFTPH	9606.ENSP00000327694	9606.ENSP00000238855	0	0	0.900	0	0.900
AP2A2	AP3B1	9606.ENSP00000327694	9606.ENSP00000255194	0	0	0.540	0	0.540
AP2A2	AP5M1	9606.ENSP00000327694	9606.ENSP00000261558	0	0	0.900	0	0.900
AP2A2	AP4E1	9606.ENSP00000327694	9606.ENSP00000261842	0	0	0.900	0	0.900
AP2A2	AP1G2	9606.ENSP00000327694	9606.ENSP00000312442	0	0	0.540	0	0.540
AP2A2	AP3S1	9606.ENSP00000327694	9606.ENSP00000325369	0	0	0.900	0	0.900
AP2A2	AP3M1	9606.ENSP00000327694	9606.ENSP00000347408	0	0	0.540	0	0.540
AP2A2	AP1G1	9606.ENSP00000327694	9606.ENSP00000377148	0	0	0.540	0	0.540
AP2A2	AP1M2	9606.ENSP00000327694	9606.ENSP00000465685	0	0	0.540	0	0.540
AP2A2	AP3B2	9606.ENSP00000327694	9606.ENSP00000440984	0	0	0.540	0	0.540
AP2A2	AP1M1	9606.ENSP00000327694	9606.ENSP00000388996	0	0	0.540	0	0.540
AP2A2	AP3D1	9606.ENSP00000327694	9606.ENSP00000495274	0	0	0.540	0	0.540
AP2A2	AP1S3	9606.ENSP00000327694	9606.ENSP00000379891	0	0	0.540	0	0.540
AP2A2	CLBA1	9606.ENSP00000327694	9606.ENSP00000450114	0	0	0.540	0	0.540
AP2A2	SLC18A3	9606.ENSP00000327694	9606.ENSP00000363229	0	0	0.540	0	0.540
AP2A2	SYNRG	9606.ENSP00000327694	9606.ENSP00000483453	0	0	0.720	0	0.720
AP2A2	AP3M2	9606.ENSP00000327694	9606.ENSP00000428787	0	0	0.720	0	0.720
AP2A2	AP1S2	9606.ENSP00000327694	9606.ENSP00000500695	0	0	0.720	0	0.720
AP2A2	AP1B1	9606.ENSP00000327694	9606.ENSP00000350199	0	0.687	0.540	0.059	0.853
AP2A2	SGIP1	9606.ENSP00000327694	9606.ENSP00000360076	0	0.549	0.720	0	0.868
AP2A2	AP5S1	9606.ENSP00000327694	9606.ENSP00000481750	0	0	0.900	0	0.900
AP2A2	AP1S1	9606.ENSP00000327694	9606.ENSP00000336666	0	0	0.900	0	0.900
AP2A2	AP4M1	9606.ENSP00000327694	9606.ENSP00000403663	0	0	0.900	0	0.900
AP2A2	AP5B1	9606.ENSP00000327694	9606.ENSP00000454303	0	0	0.900	0	0.900
AP2A2	AP5Z1	9606.ENSP00000327694	9606.ENSP00000497815	0	0	0.900	0	0.900
AP2A2	AP3S2	9606.ENSP00000327694	9606.ENSP00000338777	0	0	0.900	0	0.900
AP2A2	AP4B1	9606.ENSP00000327694	9606.ENSP00000358582	0	0.159	0.900	0	0.912
AP2A2	AP2A1	9606.ENSP00000327694	9606.ENSP00000351926	0	0.226	0.900	0.292	0.940
AP2A2	AP2S1	9606.ENSP00000327694	9606.ENSP00000470176	0	0.972	0.900	0.637	0.998
AP2A2	AP2M1	9606.ENSP00000327694	9606.ENSP00000403362	0	0.973	0.900	0.864	0.999
AP2A2	AP2B1	9606.ENSP00000327694	9606.ENSP00000483185	0	0.966	0.900	0.769	0.999
AP2B1	AP4S1	9606.ENSP00000483185	9606.ENSP00000216366	0	0.314	0.900	0.092	0.932
AP2B1	AFTPH	9606.ENSP00000483185	9606.ENSP00000238855	0	0.140	0.900	0	0.910
AP2B1	AP3B1	9606.ENSP00000483185	9606.ENSP00000255194	0	0	0.540	0	0.540
AP2B1	AP5M1	9606.ENSP00000483185	9606.ENSP00000261558	0	0.311	0.900	0.088	0.931
AP2B1	AP4E1	9606.ENSP00000483185	9606.ENSP00000261842	0	0.317	0.900	0.102	0.933
AP2B1	AP1G2	9606.ENSP00000483185	9606.ENSP00000312442	0	0.485	0.540	0.102	0.769
AP2B1	AP3S1	9606.ENSP00000483185	9606.ENSP00000325369	0	0	0.900	0	0.900
AP2B1	AP2A2	9606.ENSP00000483185	9606.ENSP00000327694	0	0.966	0.900	0.769	0.999
AP2B1	AP1S1	9606.ENSP00000483185	9606.ENSP00000336666	0	0.735	0.900	0.092	0.973
AP2B1	AP3S2	9606.ENSP00000483185	9606.ENSP00000338777	0	0	0.900	0	0.900
AP2B1	AP3M1	9606.ENSP00000483185	9606.ENSP00000347408	0	0	0.540	0	0.540
AP2B1	AP1B1	9606.ENSP00000483185	9606.ENSP00000350199	0	0.591	0.540	0	0.803
AP2B1	AP2A1	9606.ENSP00000483185	9606.ENSP00000351926	0	0.755	0.900	0.895	0.997
AP2B1	AP4B1	9606.ENSP00000483185	9606.ENSP00000358582	0	0	0.900	0	0.900
AP2B1	SGIP1	9606.ENSP00000483185	9606.ENSP00000360076	0	0.475	0.720	0	0.846
AP2B1	SLC18A3	9606.ENSP00000483185	9606.ENSP00000363229	0	0	0.540	0	0.540
AP2B1	AP1G1	9606.ENSP00000483185	9606.ENSP00000377148	0	0.755	0.540	0.102	0.890
AP2B1	AP1S3	9606.ENSP00000483185	9606.ENSP00000379891	0	0.637	0.540	0.092	0.835
AP2B1	AP1M1	9606.ENSP00000483185	9606.ENSP00000388996	0	0.725	0.540	0.088	0.874
AP2B1	AP2M1	9606.ENSP00000483185	9606.ENSP00000403362	0	0.975	0.900	0.965	0.999
AP2B1	AP4M1	9606.ENSP00000483185	9606.ENSP00000403663	0	0.353	0.900	0.088	0.935
AP2B1	AP3M2	9606.ENSP00000483185	9606.ENSP00000428787	0	0	0.720	0	0.720
AP2B1	AP3B2	9606.ENSP00000483185	9606.ENSP00000440984	0	0	0.540	0	0.540
AP2B1	CLBA1	9606.ENSP00000483185	9606.ENSP00000450114	0	0	0.540	0	0.540
AP2B1	AP5B1	9606.ENSP00000483185	9606.ENSP00000454303	0	0	0.900	0	0.900
AP2B1	AP1M2	9606.ENSP00000483185	9606.ENSP00000465685	0	0.732	0.540	0.088	0.877
AP2B1	AP2S1	9606.ENSP00000483185	9606.ENSP00000470176	0	0.978	0.900	0.945	0.999
AP2B1	AP5S1	9606.ENSP00000483185	9606.ENSP00000481750	0	0	0.900	0	0.900
AP2B1	AP3D1	9606.ENSP00000483185	9606.ENSP00000495274	0	0.281	0.540	0.102	0.677
AP2B1	SYNRG	9606.ENSP00000483185	9606.ENSP00000483453	0	0.137	0.720	0.079	0.758
AP2B1	AP5Z1	9606.ENSP00000483185	9606.ENSP00000497815	0	0	0.900	0	0.900
AP2B1	AP1S2	9606.ENSP00000483185	9606.ENSP00000500695	0	0.731	0.720	0.092	0.925
AP2M1	AP4S1	9606.ENSP00000403362	9606.ENSP00000216366	0	0	0.900	0	0.900
AP2M1	AFTPH	9606.ENSP00000403362	9606.ENSP00000238855	0	0	0.900	0	0.900
AP2M1	AP3B1	9606.ENSP00000403362	9606.ENSP00000255194	0	0	0.540	0	0.540
AP2M1	AP5M1	9606.ENSP00000403362	9606.ENSP00000261558	0	0.044	0.900	0	0.900
AP2M1	AP4E1	9606.ENSP00000403362	9606.ENSP00000261842	0	0.256	0.900	0.238	0.938
AP2M1	AP1G2	9606.ENSP00000403362	9606.ENSP00000312442	0	0.401	0.540	0.238	0.772
AP2M1	AP3S1	9606.ENSP00000403362	9606.ENSP00000325369	0	0	0.900	0	0.900
AP2M1	AP2A2	9606.ENSP00000403362	9606.ENSP00000327694	0	0.973	0.900	0.864	0.999
AP2M1	AP1S1	9606.ENSP00000403362	9606.ENSP00000336666	0	0.321	0.900	0	0.929
AP2M1	AP3S2	9606.ENSP00000403362	9606.ENSP00000338777	0	0	0.900	0	0.900
AP2M1	AP3M1	9606.ENSP00000403362	9606.ENSP00000347408	0	0	0.540	0	0.540
AP2M1	AP1B1	9606.ENSP00000403362	9606.ENSP00000350199	0	0.730	0.540	0.347	0.911
AP2M1	AP2A1	9606.ENSP00000403362	9606.ENSP00000351926	0	0.844	0.900	0.928	0.998
AP2M1	AP4B1	9606.ENSP00000403362	9606.ENSP00000358582	0	0.383	0.900	0.309	0.953
AP2M1	SGIP1	9606.ENSP00000403362	9606.ENSP00000360076	0	0.262	0.720	0	0.784
AP2M1	SLC18A3	9606.ENSP00000403362	9606.ENSP00000363229	0	0	0.540	0	0.540
AP2M1	AP1G1	9606.ENSP00000403362	9606.ENSP00000377148	0	0.622	0.540	0.238	0.856
AP2M1	AP1S3	9606.ENSP00000403362	9606.ENSP00000379891	0	0.394	0.540	0	0.709
AP2M1	AP1M1	9606.ENSP00000403362	9606.ENSP00000388996	0	0.044	0.540	0	0.541
AP2M1	CLBA1	9606.ENSP00000403362	9606.ENSP00000450114	0	0	0.540	0	0.540
AP2M1	AP3B2	9606.ENSP00000403362	9606.ENSP00000440984	0	0	0.540	0	0.540
AP2M1	AP1M2	9606.ENSP00000403362	9606.ENSP00000465685	0	0.044	0.540	0	0.541
AP2M1	AP3D1	9606.ENSP00000403362	9606.ENSP00000495274	0	0.256	0.540	0.238	0.716
AP2M1	AP3M2	9606.ENSP00000403362	9606.ENSP00000428787	0	0	0.720	0	0.720
AP2M1	SYNRG	9606.ENSP00000403362	9606.ENSP00000483453	0	0	0.720	0	0.720
AP2M1	AP1S2	9606.ENSP00000403362	9606.ENSP00000500695	0	0.419	0.720	0	0.830
AP2M1	AP5B1	9606.ENSP00000403362	9606.ENSP00000454303	0	0	0.900	0	0.900
AP2M1	AP5Z1	9606.ENSP00000403362	9606.ENSP00000497815	0	0	0.900	0	0.900
AP2M1	AP4M1	9606.ENSP00000403362	9606.ENSP00000403663	0	0.044	0.900	0	0.900
AP2M1	AP5S1	9606.ENSP00000403362	9606.ENSP00000481750	0	0	0.900	0	0.900
AP2M1	AP2B1	9606.ENSP00000403362	9606.ENSP00000483185	0	0.975	0.900	0.965	0.999
AP2M1	AP2S1	9606.ENSP00000403362	9606.ENSP00000470176	0	0.985	0.900	0.946	0.999
AP2S1	AP4S1	9606.ENSP00000470176	9606.ENSP00000216366	0	0	0.900	0	0.900
AP2S1	AFTPH	9606.ENSP00000470176	9606.ENSP00000238855	0	0	0.900	0	0.900
AP2S1	AP3B1	9606.ENSP00000470176	9606.ENSP00000255194	0	0	0.540	0	0.540
AP2S1	AP5M1	9606.ENSP00000470176	9606.ENSP00000261558	0	0	0.900	0	0.900
AP2S1	AP4E1	9606.ENSP00000470176	9606.ENSP00000261842	0	0.325	0.900	0.237	0.943
AP2S1	AP1G2	9606.ENSP00000470176	9606.ENSP00000312442	0	0.325	0.540	0.237	0.742
AP2S1	AP3S1	9606.ENSP00000470176	9606.ENSP00000325369	0	0	0.900	0	0.900
AP2S1	AP2A2	9606.ENSP00000470176	9606.ENSP00000327694	0	0.972	0.900	0.637	0.998
AP2S1	AP1S1	9606.ENSP00000470176	9606.ENSP00000336666	0	0	0.900	0	0.900
AP2S1	AP3S2	9606.ENSP00000470176	9606.ENSP00000338777	0	0	0.900	0	0.900
AP2S1	AP3M1	9606.ENSP00000470176	9606.ENSP00000347408	0	0	0.540	0	0.540
AP2S1	AP1B1	9606.ENSP00000470176	9606.ENSP00000350199	0	0.754	0.540	0	0.882
AP2S1	AP2A1	9606.ENSP00000470176	9606.ENSP00000351926	0	0.884	0.900	0.899	0.998
AP2S1	AP4B1	9606.ENSP00000470176	9606.ENSP00000358582	0	0.349	0.900	0	0.932
AP2S1	SGIP1	9606.ENSP00000470176	9606.ENSP00000360076	0	0.439	0.720	0	0.836
AP2S1	SLC18A3	9606.ENSP00000470176	9606.ENSP00000363229	0	0	0.540	0	0.540
AP2S1	AP1G1	9606.ENSP00000470176	9606.ENSP00000377148	0	0.501	0.540	0.237	0.809
AP2S1	AP1S3	9606.ENSP00000470176	9606.ENSP00000379891	0	0	0.540	0	0.540
AP2S1	AP1M1	9606.ENSP00000470176	9606.ENSP00000388996	0	0	0.540	0	0.540
AP2S1	AP2M1	9606.ENSP00000470176	9606.ENSP00000403362	0	0.985	0.900	0.946	0.999
AP2S1	AP4M1	9606.ENSP00000470176	9606.ENSP00000403663	0	0	0.900	0	0.900
AP2S1	AP3M2	9606.ENSP00000470176	9606.ENSP00000428787	0	0	0.720	0	0.720
AP2S1	AP3B2	9606.ENSP00000470176	9606.ENSP00000440984	0	0	0.540	0	0.540
AP2S1	CLBA1	9606.ENSP00000470176	9606.ENSP00000450114	0	0	0.540	0	0.540
AP2S1	AP5B1	9606.ENSP00000470176	9606.ENSP00000454303	0	0	0.900	0	0.900
AP2S1	AP1M2	9606.ENSP00000470176	9606.ENSP00000465685	0	0	0.540	0	0.540
AP2S1	AP1S2	9606.ENSP00000470176	9606.ENSP00000500695	0	0	0.720	0	0.720
AP2S1	SYNRG	9606.ENSP00000470176	9606.ENSP00000483453	0	0	0.720	0	0.720
AP2S1	AP3D1	9606.ENSP00000470176	9606.ENSP00000495274	0	0.325	0.540	0.237	0.742
AP2S1	AP5Z1	9606.ENSP00000470176	9606.ENSP00000497815	0	0	0.900	0	0.900
AP2S1	AP5S1	9606.ENSP00000470176	9606.ENSP00000481750	0	0	0.900	0	0.900
AP2S1	AP2B1	9606.ENSP00000470176	9606.ENSP00000483185	0	0.978	0.900	0.945	0.999
AP3B1	AP4S1	9606.ENSP00000255194	9606.ENSP00000216366	0	0	0.540	0	0.540
AP3B1	AFTPH	9606.ENSP00000255194	9606.ENSP00000238855	0	0	0.540	0	0.540
AP3B1	AP2S1	9606.ENSP00000255194	9606.ENSP00000470176	0	0	0.540	0	0.540
AP3B1	SLC18A3	9606.ENSP00000255194	9606.ENSP00000363229	0	0	0.540	0	0.540
AP3B1	AP1S2	9606.ENSP00000255194	9606.ENSP00000500695	0	0	0.540	0	0.540
AP3B1	AP4M1	9606.ENSP00000255194	9606.ENSP00000403663	0	0	0.540	0	0.540
AP3B1	AP5M1	9606.ENSP00000255194	9606.ENSP00000261558	0	0	0.540	0	0.540
AP3B1	AP1M2	9606.ENSP00000255194	9606.ENSP00000465685	0	0	0.540	0	0.540
AP3B1	AP2B1	9606.ENSP00000255194	9606.ENSP00000483185	0	0	0.540	0	0.540
AP3B1	AP5Z1	9606.ENSP00000255194	9606.ENSP00000497815	0	0	0.540	0	0.540
AP3B1	SGIP1	9606.ENSP00000255194	9606.ENSP00000360076	0	0	0.540	0	0.540
AP3B1	AP2M1	9606.ENSP00000255194	9606.ENSP00000403362	0	0	0.540	0	0.540
AP3B1	CLBA1	9606.ENSP00000255194	9606.ENSP00000450114	0	0	0.540	0	0.540
AP3B1	AP2A2	9606.ENSP00000255194	9606.ENSP00000327694	0	0	0.540	0	0.540
AP3B1	AP1S3	9606.ENSP00000255194	9606.ENSP00000379891	0	0	0.540	0	0.540
AP3B1	AP5S1	9606.ENSP00000255194	9606.ENSP00000481750	0	0	0.540	0	0.540
AP3B1	AP1B1	9606.ENSP00000255194	9606.ENSP00000350199	0	0	0.540	0	0.540
AP3B1	AP5B1	9606.ENSP00000255194	9606.ENSP00000454303	0	0	0.540	0	0.540
AP3B1	AP1M1	9606.ENSP00000255194	9606.ENSP00000388996	0	0	0.540	0	0.540
AP3B1	SYNRG	9606.ENSP00000255194	9606.ENSP00000483453	0	0	0.540	0	0.540
AP3B1	AP4B1	9606.ENSP00000255194	9606.ENSP00000358582	0	0	0.540	0	0.540
AP3B1	AP1S1	9606.ENSP00000255194	9606.ENSP00000336666	0	0	0.540	0	0.540
AP3B1	ARF1	9606.ENSP00000255194	9606.ENSP00000440005	0	0.292	0.500	0.089	0.649
AP3B1	AP4E1	9606.ENSP00000255194	9606.ENSP00000261842	0	0.246	0.540	0.178	0.689
AP3B1	AP2A1	9606.ENSP00000255194	9606.ENSP00000351926	0	0.246	0.540	0.178	0.689
AP3B1	AP1G1	9606.ENSP00000255194	9606.ENSP00000377148	0	0.246	0.540	0.223	0.706
AP3B1	AP1G2	9606.ENSP00000255194	9606.ENSP00000312442	0	0.246	0.540	0.223	0.706
AP3B1	AP3B2	9606.ENSP00000255194	9606.ENSP00000440984	0	0	0.900	0	0.900
AP3B1	AP3D1	9606.ENSP00000255194	9606.ENSP00000495274	0	0.853	0.540	0.349	0.952
AP3B1	AP3S2	9606.ENSP00000255194	9606.ENSP00000338777	0	0.504	0.900	0.207	0.957
AP3B1	AP3M2	9606.ENSP00000255194	9606.ENSP00000428787	0	0.747	0.900	0.280	0.980
AP3B1	AP3M1	9606.ENSP00000255194	9606.ENSP00000347408	0	0.746	0.900	0.462	0.985
AP3B1	AP3S1	9606.ENSP00000255194	9606.ENSP00000325369	0	0.807	0.900	0.431	0.988
AP3B2	AP4S1	9606.ENSP00000440984	9606.ENSP00000216366	0	0	0.540	0	0.540
AP3B2	AFTPH	9606.ENSP00000440984	9606.ENSP00000238855	0	0	0.540	0	0.540
AP3B2	AP3B1	9606.ENSP00000440984	9606.ENSP00000255194	0	0	0.900	0	0.900
AP3B2	AP5M1	9606.ENSP00000440984	9606.ENSP00000261558	0	0	0.540	0	0.540
AP3B2	AP4E1	9606.ENSP00000440984	9606.ENSP00000261842	0	0.246	0.540	0.178	0.689
AP3B2	AP1G2	9606.ENSP00000440984	9606.ENSP00000312442	0	0.246	0.540	0.223	0.706
AP3B2	AP3S1	9606.ENSP00000440984	9606.ENSP00000325369	0	0.722	0.900	0.207	0.976
AP3B2	AP2A2	9606.ENSP00000440984	9606.ENSP00000327694	0	0	0.540	0	0.540
AP3B2	AP1S1	9606.ENSP00000440984	9606.ENSP00000336666	0	0	0.540	0	0.540
AP3B2	AP3S2	9606.ENSP00000440984	9606.ENSP00000338777	0	0.329	0.900	0.207	0.942
AP3B2	AP3M1	9606.ENSP00000440984	9606.ENSP00000347408	0	0.772	0.900	0.289	0.982
AP3B2	AP1B1	9606.ENSP00000440984	9606.ENSP00000350199	0	0	0.540	0	0.540
AP3B2	AP2A1	9606.ENSP00000440984	9606.ENSP00000351926	0	0.246	0.540	0.178	0.689
AP3B2	AP4B1	9606.ENSP00000440984	9606.ENSP00000358582	0	0	0.540	0	0.540
AP3B2	SGIP1	9606.ENSP00000440984	9606.ENSP00000360076	0	0	0.540	0	0.540
AP3B2	SLC18A3	9606.ENSP00000440984	9606.ENSP00000363229	0	0	0.540	0	0.540
AP3B2	AP1G1	9606.ENSP00000440984	9606.ENSP00000377148	0	0.246	0.540	0.223	0.706
AP3B2	AP1S3	9606.ENSP00000440984	9606.ENSP00000379891	0	0	0.540	0	0.540
AP3B2	AP1M1	9606.ENSP00000440984	9606.ENSP00000388996	0	0	0.540	0	0.540
AP3B2	AP2M1	9606.ENSP00000440984	9606.ENSP00000403362	0	0	0.540	0	0.540
AP3B2	AP4M1	9606.ENSP00000440984	9606.ENSP00000403663	0	0	0.540	0	0.540
AP3B2	AP3M2	9606.ENSP00000440984	9606.ENSP00000428787	0	0.370	0.900	0.280	0.950
AP3B2	CLBA1	9606.ENSP00000440984	9606.ENSP00000450114	0	0	0.540	0	0.540
AP3B2	AP5Z1	9606.ENSP00000440984	9606.ENSP00000497815	0	0	0.540	0	0.540
AP3B2	AP2S1	9606.ENSP00000440984	9606.ENSP00000470176	0	0	0.540	0	0.540
AP3B2	SYNRG	9606.ENSP00000440984	9606.ENSP00000483453	0	0	0.540	0	0.540
AP3B2	AP1M2	9606.ENSP00000440984	9606.ENSP00000465685	0	0	0.540	0	0.540
AP3B2	AP2B1	9606.ENSP00000440984	9606.ENSP00000483185	0	0	0.540	0	0.540
AP3B2	AP1S2	9606.ENSP00000440984	9606.ENSP00000500695	0	0	0.540	0	0.540
AP3B2	AP5S1	9606.ENSP00000440984	9606.ENSP00000481750	0	0	0.540	0	0.540
AP3B2	AP5B1	9606.ENSP00000440984	9606.ENSP00000454303	0	0	0.540	0	0.540
AP3B2	AP3D1	9606.ENSP00000440984	9606.ENSP00000495274	0	0.612	0.540	0.349	0.873
AP3D1	AP4S1	9606.ENSP00000495274	9606.ENSP00000216366	0	0.217	0.540	0.116	0.653
AP3D1	AFTPH	9606.ENSP00000495274	9606.ENSP00000238855	0	0	0.540	0	0.540
AP3D1	AP3B1	9606.ENSP00000495274	9606.ENSP00000255194	0	0.853	0.540	0.349	0.952
AP3D1	AP5M1	9606.ENSP00000495274	9606.ENSP00000261558	0	0.245	0.540	0.131	0.671
AP3D1	AP4E1	9606.ENSP00000495274	9606.ENSP00000261842	0	0	0.540	0	0.540
AP3D1	AP1G2	9606.ENSP00000495274	9606.ENSP00000312442	0	0	0.540	0	0.540
AP3D1	AP3S1	9606.ENSP00000495274	9606.ENSP00000325369	0	0.817	0.540	0.280	0.934
AP3D1	AP2A2	9606.ENSP00000495274	9606.ENSP00000327694	0	0	0.540	0	0.540
AP3D1	AP1S1	9606.ENSP00000495274	9606.ENSP00000336666	0	0.217	0.540	0.116	0.653
AP3D1	AP3S2	9606.ENSP00000495274	9606.ENSP00000338777	0	0.644	0.540	0.482	0.908
AP3D1	AP3M1	9606.ENSP00000495274	9606.ENSP00000347408	0	0.819	0.540	0.568	0.961
AP3D1	AP1B1	9606.ENSP00000495274	9606.ENSP00000350199	0	0.281	0.540	0.102	0.677
AP3D1	AP2A1	9606.ENSP00000495274	9606.ENSP00000351926	0	0	0.540	0	0.540
AP3D1	AP4B1	9606.ENSP00000495274	9606.ENSP00000358582	0	0.281	0.540	0.102	0.677
AP3D1	SGIP1	9606.ENSP00000495274	9606.ENSP00000360076	0	0	0.540	0	0.540
AP3D1	SLC18A3	9606.ENSP00000495274	9606.ENSP00000363229	0	0	0.540	0	0.540
AP3D1	AP1G1	9606.ENSP00000495274	9606.ENSP00000377148	0	0	0.540	0	0.540
AP3D1	AP1S3	9606.ENSP00000495274	9606.ENSP00000379891	0	0.217	0.540	0.116	0.653
AP3D1	AP1M1	9606.ENSP00000495274	9606.ENSP00000388996	0	0.245	0.540	0.131	0.671
AP3D1	AP2M1	9606.ENSP00000495274	9606.ENSP00000403362	0	0.256	0.540	0.238	0.716
AP3D1	AP4M1	9606.ENSP00000495274	9606.ENSP00000403663	0	0.245	0.540	0.131	0.671
AP3D1	AP3M2	9606.ENSP00000495274	9606.ENSP00000428787	0	0.809	0.540	0.426	0.945
AP3D1	AP3B2	9606.ENSP00000495274	9606.ENSP00000440984	0	0.612	0.540	0.349	0.873
AP3D1	CLBA1	9606.ENSP00000495274	9606.ENSP00000450114	0	0	0.540	0	0.540
AP3D1	AP5B1	9606.ENSP00000495274	9606.ENSP00000454303	0	0	0.540	0	0.540
AP3D1	AP1M2	9606.ENSP00000495274	9606.ENSP00000465685	0	0.245	0.540	0.131	0.671
AP3D1	AP2S1	9606.ENSP00000495274	9606.ENSP00000470176	0	0.325	0.540	0.237	0.742
AP3D1	AP5S1	9606.ENSP00000495274	9606.ENSP00000481750	0	0	0.540	0	0.540
AP3D1	AP2B1	9606.ENSP00000495274	9606.ENSP00000483185	0	0.281	0.540	0.102	0.677
AP3D1	SYNRG	9606.ENSP00000495274	9606.ENSP00000483453	0	0	0.540	0	0.540
AP3D1	AP5Z1	9606.ENSP00000495274	9606.ENSP00000497815	0	0	0.540	0	0.540
AP3D1	AP1S2	9606.ENSP00000495274	9606.ENSP00000500695	0	0.217	0.540	0.116	0.653
AP3M1	AP4S1	9606.ENSP00000347408	9606.ENSP00000216366	0	0	0.540	0	0.540
AP3M1	AFTPH	9606.ENSP00000347408	9606.ENSP00000238855	0	0	0.540	0	0.540
AP3M1	AP3B1	9606.ENSP00000347408	9606.ENSP00000255194	0	0.746	0.900	0.462	0.985
AP3M1	AP5M1	9606.ENSP00000347408	9606.ENSP00000261558	0	0	0.540	0	0.540
AP3M1	AP4E1	9606.ENSP00000347408	9606.ENSP00000261842	0	0.243	0.540	0.170	0.685
AP3M1	AP1G2	9606.ENSP00000347408	9606.ENSP00000312442	0	0.243	0.540	0.170	0.685
AP3M1	AP3S1	9606.ENSP00000347408	9606.ENSP00000325369	0	0.668	0.900	0.409	0.978
AP3M1	AP2A2	9606.ENSP00000347408	9606.ENSP00000327694	0	0	0.540	0	0.540
AP3M1	AP1S1	9606.ENSP00000347408	9606.ENSP00000336666	0	0	0.540	0	0.540
AP3M1	AP3S2	9606.ENSP00000347408	9606.ENSP00000338777	0	0.675	0.900	0.317	0.975
AP3M1	AP2S1	9606.ENSP00000347408	9606.ENSP00000470176	0	0	0.540	0	0.540
AP3M1	AP5Z1	9606.ENSP00000347408	9606.ENSP00000497815	0	0	0.540	0	0.540
AP3M1	SLC18A3	9606.ENSP00000347408	9606.ENSP00000363229	0	0	0.540	0	0.540
AP3M1	CLBA1	9606.ENSP00000347408	9606.ENSP00000450114	0	0	0.540	0	0.540
AP3M1	AP1S3	9606.ENSP00000347408	9606.ENSP00000379891	0	0	0.540	0	0.540
AP3M1	SGIP1	9606.ENSP00000347408	9606.ENSP00000360076	0	0	0.540	0	0.540
AP3M1	AP2M1	9606.ENSP00000347408	9606.ENSP00000403362	0	0	0.540	0	0.540
AP3M1	AP5B1	9606.ENSP00000347408	9606.ENSP00000454303	0	0	0.540	0	0.540
AP3M1	AP1B1	9606.ENSP00000347408	9606.ENSP00000350199	0	0	0.540	0	0.540
AP3M1	AP5S1	9606.ENSP00000347408	9606.ENSP00000481750	0	0	0.540	0	0.540
AP3M1	AP1S2	9606.ENSP00000347408	9606.ENSP00000500695	0	0	0.540	0	0.540
AP3M1	AP4M1	9606.ENSP00000347408	9606.ENSP00000403663	0	0	0.540	0	0.540
AP3M1	AP4B1	9606.ENSP00000347408	9606.ENSP00000358582	0	0	0.540	0	0.540
AP3M1	AP2B1	9606.ENSP00000347408	9606.ENSP00000483185	0	0	0.540	0	0.540
AP3M1	AP1M1	9606.ENSP00000347408	9606.ENSP00000388996	0	0	0.540	0	0.540
AP3M1	AP1M2	9606.ENSP00000347408	9606.ENSP00000465685	0	0	0.540	0	0.540
AP3M1	SYNRG	9606.ENSP00000347408	9606.ENSP00000483453	0	0	0.540	0	0.540
AP3M1	AP1G1	9606.ENSP00000347408	9606.ENSP00000377148	0	0.243	0.540	0.170	0.685
AP3M1	AP2A1	9606.ENSP00000347408	9606.ENSP00000351926	0	0.243	0.540	0.170	0.685
AP3M1	AP3D1	9606.ENSP00000347408	9606.ENSP00000495274	0	0.819	0.540	0.568	0.961
AP3M1	AP3M2	9606.ENSP00000347408	9606.ENSP00000428787	0	0.654	0.900	0	0.963
AP3M1	AP3B2	9606.ENSP00000347408	9606.ENSP00000440984	0	0.772	0.900	0.289	0.982
AP3M2	AP4S1	9606.ENSP00000428787	9606.ENSP00000216366	0	0	0.720	0	0.720
AP3M2	AFTPH	9606.ENSP00000428787	9606.ENSP00000238855	0	0	0.720	0	0.720
AP3M2	AP3B1	9606.ENSP00000428787	9606.ENSP00000255194	0	0.747	0.900	0.280	0.980
AP3M2	AP5M1	9606.ENSP00000428787	9606.ENSP00000261558	0	0	0.720	0	0.720
AP3M2	AP4E1	9606.ENSP00000428787	9606.ENSP00000261842	0	0.243	0.720	0.170	0.808
AP3M2	AP1G2	9606.ENSP00000428787	9606.ENSP00000312442	0	0.243	0.540	0.170	0.685
AP3M2	AP3S1	9606.ENSP00000428787	9606.ENSP00000325369	0	0.691	0.900	0.207	0.973
AP3M2	AP2A2	9606.ENSP00000428787	9606.ENSP00000327694	0	0	0.720	0	0.720
AP3M2	AP1S1	9606.ENSP00000428787	9606.ENSP00000336666	0	0	0.720	0	0.720
AP3M2	AP3S2	9606.ENSP00000428787	9606.ENSP00000338777	0	0.723	0.900	0.207	0.976
AP3M2	AP3M1	9606.ENSP00000428787	9606.ENSP00000347408	0	0.654	0.900	0	0.963
AP3M2	AP1B1	9606.ENSP00000428787	9606.ENSP00000350199	0	0	0.540	0	0.540
AP3M2	AP2A1	9606.ENSP00000428787	9606.ENSP00000351926	0	0.243	0.720	0.170	0.808
AP3M2	AP4B1	9606.ENSP00000428787	9606.ENSP00000358582	0	0	0.720	0	0.720
AP3M2	SGIP1	9606.ENSP00000428787	9606.ENSP00000360076	0	0	0.720	0	0.720
AP3M2	SLC18A3	9606.ENSP00000428787	9606.ENSP00000363229	0	0	0.540	0	0.540
AP3M2	AP1G1	9606.ENSP00000428787	9606.ENSP00000377148	0	0.243	0.540	0.170	0.685
AP3M2	AP1S3	9606.ENSP00000428787	9606.ENSP00000379891	0	0	0.540	0	0.540
AP3M2	AP1M1	9606.ENSP00000428787	9606.ENSP00000388996	0	0	0.540	0	0.540
AP3M2	AP2M1	9606.ENSP00000428787	9606.ENSP00000403362	0	0	0.720	0	0.720
AP3M2	AP4M1	9606.ENSP00000428787	9606.ENSP00000403663	0	0	0.720	0	0.720
AP3M2	CLBA1	9606.ENSP00000428787	9606.ENSP00000450114	0	0	0.540	0	0.540
AP3M2	AP1M2	9606.ENSP00000428787	9606.ENSP00000465685	0	0	0.540	0	0.540
AP3M2	AP2B1	9606.ENSP00000428787	9606.ENSP00000483185	0	0	0.720	0	0.720
AP3M2	SYNRG	9606.ENSP00000428787	9606.ENSP00000483453	0	0	0.720	0	0.720
AP3M2	AP5Z1	9606.ENSP00000428787	9606.ENSP00000497815	0	0	0.720	0	0.720
AP3M2	AP5B1	9606.ENSP00000428787	9606.ENSP00000454303	0	0	0.720	0	0.720
AP3M2	AP2S1	9606.ENSP00000428787	9606.ENSP00000470176	0	0	0.720	0	0.720
AP3M2	AP1S2	9606.ENSP00000428787	9606.ENSP00000500695	0	0	0.720	0	0.720
AP3M2	AP5S1	9606.ENSP00000428787	9606.ENSP00000481750	0	0	0.720	0	0.720
AP3M2	AP3D1	9606.ENSP00000428787	9606.ENSP00000495274	0	0.809	0.540	0.426	0.945
AP3M2	AP3B2	9606.ENSP00000428787	9606.ENSP00000440984	0	0.370	0.900	0.280	0.950
AP3S1	AP4S1	9606.ENSP00000325369	9606.ENSP00000216366	0	0	0.900	0	0.900
AP3S1	AFTPH	9606.ENSP00000325369	9606.ENSP00000238855	0	0	0.900	0	0.900
AP3S1	AP3B1	9606.ENSP00000325369	9606.ENSP00000255194	0	0.807	0.900	0.431	0.988
AP3S1	AP5M1	9606.ENSP00000325369	9606.ENSP00000261558	0	0	0.900	0	0.900
AP3S1	AP4E1	9606.ENSP00000325369	9606.ENSP00000261842	0	0.181	0.900	0.166	0.925
AP3S1	AP1G2	9606.ENSP00000325369	9606.ENSP00000312442	0	0.181	0.540	0.181	0.664
AP3S1	ARF1	9606.ENSP00000325369	9606.ENSP00000440005	0	0	0.500	0	0.499
AP3S1	AP1M1	9606.ENSP00000325369	9606.ENSP00000388996	0	0	0.540	0	0.540
AP3S1	AP1M2	9606.ENSP00000325369	9606.ENSP00000465685	0	0	0.540	0	0.540
AP3S1	AP1B1	9606.ENSP00000325369	9606.ENSP00000350199	0	0	0.540	0	0.540
AP3S1	AP1S3	9606.ENSP00000325369	9606.ENSP00000379891	0	0	0.540	0	0.540
AP3S1	CLBA1	9606.ENSP00000325369	9606.ENSP00000450114	0	0	0.540	0	0.540
AP3S1	SLC18A3	9606.ENSP00000325369	9606.ENSP00000363229	0	0	0.540	0	0.540
AP3S1	AP1G1	9606.ENSP00000325369	9606.ENSP00000377148	0	0.181	0.540	0.181	0.664
AP3S1	SYNRG	9606.ENSP00000325369	9606.ENSP00000483453	0	0	0.720	0	0.720
AP3S1	AP1S2	9606.ENSP00000325369	9606.ENSP00000500695	0	0	0.720	0	0.720
AP3S1	SGIP1	9606.ENSP00000325369	9606.ENSP00000360076	0	0	0.720	0	0.720
AP3S1	AP1S1	9606.ENSP00000325369	9606.ENSP00000336666	0	0	0.900	0	0.900
AP3S1	AP2B1	9606.ENSP00000325369	9606.ENSP00000483185	0	0	0.900	0	0.900
AP3S1	AP4B1	9606.ENSP00000325369	9606.ENSP00000358582	0	0	0.900	0	0.900
AP3S1	AP5B1	9606.ENSP00000325369	9606.ENSP00000454303	0	0	0.900	0	0.900
AP3S1	AP4M1	9606.ENSP00000325369	9606.ENSP00000403663	0	0	0.900	0	0.900
AP3S1	AP5S1	9606.ENSP00000325369	9606.ENSP00000481750	0	0	0.900	0	0.900
AP3S1	AP2A2	9606.ENSP00000325369	9606.ENSP00000327694	0	0	0.900	0	0.900
AP3S1	AP2M1	9606.ENSP00000325369	9606.ENSP00000403362	0	0	0.900	0	0.900
AP3S1	AP2S1	9606.ENSP00000325369	9606.ENSP00000470176	0	0	0.900	0	0.900
AP3S1	AP5Z1	9606.ENSP00000325369	9606.ENSP00000497815	0	0	0.900	0	0.900
AP3S1	AP3S2	9606.ENSP00000325369	9606.ENSP00000338777	0	0	0.900	0	0.900
AP3S1	AP2A1	9606.ENSP00000325369	9606.ENSP00000351926	0	0.181	0.900	0.156	0.924
AP3S1	AP3D1	9606.ENSP00000325369	9606.ENSP00000495274	0	0.817	0.540	0.280	0.934
AP3S1	AP3M2	9606.ENSP00000325369	9606.ENSP00000428787	0	0.691	0.900	0.207	0.973
AP3S1	AP3B2	9606.ENSP00000325369	9606.ENSP00000440984	0	0.722	0.900	0.207	0.976
AP3S1	AP3M1	9606.ENSP00000325369	9606.ENSP00000347408	0	0.668	0.900	0.409	0.978
AP3S2	AP4S1	9606.ENSP00000338777	9606.ENSP00000216366	0	0	0.900	0	0.900
AP3S2	AFTPH	9606.ENSP00000338777	9606.ENSP00000238855	0	0	0.900	0	0.900
AP3S2	AP3B1	9606.ENSP00000338777	9606.ENSP00000255194	0	0.504	0.900	0.207	0.957
AP3S2	AP5M1	9606.ENSP00000338777	9606.ENSP00000261558	0	0	0.900	0	0.900
AP3S2	AP4E1	9606.ENSP00000338777	9606.ENSP00000261842	0	0.181	0.900	0.166	0.925
AP3S2	AP1G2	9606.ENSP00000338777	9606.ENSP00000312442	0	0.181	0.540	0.181	0.664
AP3S2	AP3S1	9606.ENSP00000338777	9606.ENSP00000325369	0	0	0.900	0	0.900
AP3S2	AP2A2	9606.ENSP00000338777	9606.ENSP00000327694	0	0	0.900	0	0.900
AP3S2	AP1S1	9606.ENSP00000338777	9606.ENSP00000336666	0	0	0.900	0	0.900
AP3S2	AP1M2	9606.ENSP00000338777	9606.ENSP00000465685	0	0	0.540	0	0.540
AP3S2	AP1M1	9606.ENSP00000338777	9606.ENSP00000388996	0	0	0.540	0	0.540
AP3S2	AP1B1	9606.ENSP00000338777	9606.ENSP00000350199	0	0	0.540	0	0.540
AP3S2	CLBA1	9606.ENSP00000338777	9606.ENSP00000450114	0	0	0.540	0	0.540
AP3S2	AP1S3	9606.ENSP00000338777	9606.ENSP00000379891	0	0	0.540	0	0.540
AP3S2	SLC18A3	9606.ENSP00000338777	9606.ENSP00000363229	0	0	0.540	0	0.540
AP3S2	AP1G1	9606.ENSP00000338777	9606.ENSP00000377148	0	0.181	0.540	0.181	0.664
AP3S2	SGIP1	9606.ENSP00000338777	9606.ENSP00000360076	0	0	0.720	0	0.720
AP3S2	AP1S2	9606.ENSP00000338777	9606.ENSP00000500695	0	0	0.720	0	0.720
AP3S2	SYNRG	9606.ENSP00000338777	9606.ENSP00000483453	0	0	0.720	0	0.720
AP3S2	AP5S1	9606.ENSP00000338777	9606.ENSP00000481750	0	0	0.900	0	0.900
AP3S2	AP4M1	9606.ENSP00000338777	9606.ENSP00000403663	0	0	0.900	0	0.900
AP3S2	AP2M1	9606.ENSP00000338777	9606.ENSP00000403362	0	0	0.900	0	0.900
AP3S2	AP5B1	9606.ENSP00000338777	9606.ENSP00000454303	0	0	0.900	0	0.900
AP3S2	AP5Z1	9606.ENSP00000338777	9606.ENSP00000497815	0	0	0.900	0	0.900
AP3S2	AP4B1	9606.ENSP00000338777	9606.ENSP00000358582	0	0	0.900	0	0.900
AP3S2	AP2S1	9606.ENSP00000338777	9606.ENSP00000470176	0	0	0.900	0	0.900
AP3S2	AP2B1	9606.ENSP00000338777	9606.ENSP00000483185	0	0	0.900	0	0.900
AP3S2	AP3D1	9606.ENSP00000338777	9606.ENSP00000495274	0	0.644	0.540	0.482	0.908
AP3S2	AP2A1	9606.ENSP00000338777	9606.ENSP00000351926	0	0.181	0.900	0.156	0.924
AP3S2	AP3B2	9606.ENSP00000338777	9606.ENSP00000440984	0	0.329	0.900	0.207	0.942
AP3S2	AP3M1	9606.ENSP00000338777	9606.ENSP00000347408	0	0.675	0.900	0.317	0.975
AP3S2	AP3M2	9606.ENSP00000338777	9606.ENSP00000428787	0	0.723	0.900	0.207	0.976
AP4B1	AP4S1	9606.ENSP00000358582	9606.ENSP00000216366	0	0.751	0.900	0.926	0.998
AP4B1	AFTPH	9606.ENSP00000358582	9606.ENSP00000238855	0	0	0.900	0	0.900
AP4B1	AP3B1	9606.ENSP00000358582	9606.ENSP00000255194	0	0	0.540	0	0.540
AP4B1	AP5M1	9606.ENSP00000358582	9606.ENSP00000261558	0	0.311	0.900	0.088	0.931
AP4B1	AP4E1	9606.ENSP00000358582	9606.ENSP00000261842	0	0.765	0.900	0.920	0.997
AP4B1	APP	9606.ENSP00000358582	9606.ENSP00000284981	0	0	0.500	0	0.499
AP4B1	AP1G2	9606.ENSP00000358582	9606.ENSP00000312442	0	0.360	0.540	0.102	0.712
AP4B1	AP3S1	9606.ENSP00000358582	9606.ENSP00000325369	0	0	0.900	0	0.900
AP4B1	AP2A2	9606.ENSP00000358582	9606.ENSP00000327694	0	0.159	0.900	0	0.912
AP4B1	AP1S1	9606.ENSP00000358582	9606.ENSP00000336666	0	0.277	0.900	0.104	0.929
AP4B1	AP3S2	9606.ENSP00000358582	9606.ENSP00000338777	0	0	0.900	0	0.900
AP4B1	AP3M1	9606.ENSP00000358582	9606.ENSP00000347408	0	0	0.540	0	0.540
AP4B1	AP1B1	9606.ENSP00000358582	9606.ENSP00000350199	0	0	0.540	0	0.540
AP4B1	AP2A1	9606.ENSP00000358582	9606.ENSP00000351926	0	0.356	0.900	0.143	0.939
AP4B1	CLBA1	9606.ENSP00000358582	9606.ENSP00000450114	0	0	0.540	0	0.540
AP4B1	AP3B2	9606.ENSP00000358582	9606.ENSP00000440984	0	0	0.540	0	0.540
AP4B1	SLC18A3	9606.ENSP00000358582	9606.ENSP00000363229	0	0	0.540	0	0.540
AP4B1	ARF1	9606.ENSP00000358582	9606.ENSP00000440005	0	0.133	0.500	0	0.547
AP4B1	TEPSIN	9606.ENSP00000358582	9606.ENSP00000490393	0	0.619	0	0	0.619
AP4B1	AP1S3	9606.ENSP00000358582	9606.ENSP00000379891	0	0.277	0.540	0.104	0.675
AP4B1	AP3D1	9606.ENSP00000358582	9606.ENSP00000495274	0	0.281	0.540	0.102	0.677
AP4B1	AP1M1	9606.ENSP00000358582	9606.ENSP00000388996	0	0.342	0.540	0.088	0.699
AP4B1	AP1M2	9606.ENSP00000358582	9606.ENSP00000465685	0	0.342	0.540	0.088	0.699
AP4B1	AP1G1	9606.ENSP00000358582	9606.ENSP00000377148	0	0.360	0.540	0.102	0.712
AP4B1	SGIP1	9606.ENSP00000358582	9606.ENSP00000360076	0	0	0.720	0	0.720
AP4B1	AP3M2	9606.ENSP00000358582	9606.ENSP00000428787	0	0	0.720	0	0.720
AP4B1	SYNRG	9606.ENSP00000358582	9606.ENSP00000483453	0	0	0.720	0.079	0.731
AP4B1	AP1S2	9606.ENSP00000358582	9606.ENSP00000500695	0	0.277	0.720	0.104	0.802
AP4B1	AP5B1	9606.ENSP00000358582	9606.ENSP00000454303	0	0	0.900	0	0.900
AP4B1	AP5S1	9606.ENSP00000358582	9606.ENSP00000481750	0	0	0.900	0	0.900
AP4B1	AP5Z1	9606.ENSP00000358582	9606.ENSP00000497815	0	0	0.900	0	0.900
AP4B1	AP2B1	9606.ENSP00000358582	9606.ENSP00000483185	0	0	0.900	0	0.900
AP4B1	AP2S1	9606.ENSP00000358582	9606.ENSP00000470176	0	0.349	0.900	0	0.932
AP4B1	AP2M1	9606.ENSP00000358582	9606.ENSP00000403362	0	0.383	0.900	0.309	0.953
AP4B1	AP4M1	9606.ENSP00000358582	9606.ENSP00000403663	0	0.774	0.900	0.962	0.999
AP4E1	AP4S1	9606.ENSP00000261842	9606.ENSP00000216366	0	0.743	0.900	0.964	0.999
AP4E1	AFTPH	9606.ENSP00000261842	9606.ENSP00000238855	0	0	0.900	0	0.900
AP4E1	AP3B1	9606.ENSP00000261842	9606.ENSP00000255194	0	0.246	0.540	0.178	0.689
AP4E1	AP5M1	9606.ENSP00000261842	9606.ENSP00000261558	0	0.256	0.900	0.131	0.929
AP4E1	APP	9606.ENSP00000261842	9606.ENSP00000284981	0	0	0.500	0	0.499
AP4E1	CLBA1	9606.ENSP00000261842	9606.ENSP00000450114	0	0	0.540	0	0.540
AP4E1	AP1G1	9606.ENSP00000261842	9606.ENSP00000377148	0	0	0.540	0	0.540
AP4E1	AP3D1	9606.ENSP00000261842	9606.ENSP00000495274	0	0	0.540	0	0.540
AP4E1	SLC18A3	9606.ENSP00000261842	9606.ENSP00000363229	0	0	0.540	0	0.540
AP4E1	AP1G2	9606.ENSP00000261842	9606.ENSP00000312442	0	0	0.540	0	0.540
AP4E1	SUV39H2	9606.ENSP00000261842	9606.ENSP00000346997	0	0.639	0	0	0.639
AP4E1	ARF1	9606.ENSP00000261842	9606.ENSP00000440005	0	0.292	0.500	0.082	0.646
AP4E1	AP1S3	9606.ENSP00000261842	9606.ENSP00000379891	0	0.253	0.540	0.116	0.669
AP4E1	TEPSIN	9606.ENSP00000261842	9606.ENSP00000490393	0	0.670	0	0	0.670
AP4E1	AP1M2	9606.ENSP00000261842	9606.ENSP00000465685	0	0.256	0.540	0.131	0.676
AP4E1	AP1M1	9606.ENSP00000261842	9606.ENSP00000388996	0	0.256	0.540	0.131	0.676
AP4E1	AP3M1	9606.ENSP00000261842	9606.ENSP00000347408	0	0.243	0.540	0.170	0.685
AP4E1	AP3B2	9606.ENSP00000261842	9606.ENSP00000440984	0	0.246	0.540	0.178	0.689
AP4E1	AP1B1	9606.ENSP00000261842	9606.ENSP00000350199	0	0.317	0.540	0.102	0.693
AP4E1	SGIP1	9606.ENSP00000261842	9606.ENSP00000360076	0	0	0.720	0	0.720
AP4E1	SYNRG	9606.ENSP00000261842	9606.ENSP00000483453	0	0	0.720	0	0.720
AP4E1	AP1S2	9606.ENSP00000261842	9606.ENSP00000500695	0	0.253	0.720	0.116	0.798
AP4E1	AP3M2	9606.ENSP00000261842	9606.ENSP00000428787	0	0.243	0.720	0.170	0.808
AP4E1	AP2A2	9606.ENSP00000261842	9606.ENSP00000327694	0	0	0.900	0	0.900
AP4E1	AP5Z1	9606.ENSP00000261842	9606.ENSP00000497815	0	0	0.900	0	0.900
AP4E1	AP2A1	9606.ENSP00000261842	9606.ENSP00000351926	0	0	0.900	0	0.900
AP4E1	AP5B1	9606.ENSP00000261842	9606.ENSP00000454303	0	0	0.900	0	0.900
AP4E1	AP5S1	9606.ENSP00000261842	9606.ENSP00000481750	0	0	0.900	0	0.900
AP4E1	AP3S2	9606.ENSP00000261842	9606.ENSP00000338777	0	0.181	0.900	0.166	0.925
AP4E1	AP3S1	9606.ENSP00000261842	9606.ENSP00000325369	0	0.181	0.900	0.166	0.925
AP4E1	AP1S1	9606.ENSP00000261842	9606.ENSP00000336666	0	0.253	0.900	0.116	0.928
AP4E1	AP2B1	9606.ENSP00000261842	9606.ENSP00000483185	0	0.317	0.900	0.102	0.933
AP4E1	AP2M1	9606.ENSP00000261842	9606.ENSP00000403362	0	0.256	0.900	0.238	0.938
AP4E1	AP2S1	9606.ENSP00000261842	9606.ENSP00000470176	0	0.325	0.900	0.237	0.943
AP4E1	AP4M1	9606.ENSP00000261842	9606.ENSP00000403663	0	0.744	0.900	0.862	0.996
AP4E1	AP4B1	9606.ENSP00000261842	9606.ENSP00000358582	0	0.765	0.900	0.920	0.997
AP4M1	AP4S1	9606.ENSP00000403663	9606.ENSP00000216366	0	0.561	0.900	0.913	0.995
AP4M1	AFTPH	9606.ENSP00000403663	9606.ENSP00000238855	0	0	0.900	0	0.900
AP4M1	AP3B1	9606.ENSP00000403663	9606.ENSP00000255194	0	0	0.540	0	0.540
AP4M1	AP5M1	9606.ENSP00000403663	9606.ENSP00000261558	0	0	0.900	0.510	0.948
AP4M1	AP4E1	9606.ENSP00000403663	9606.ENSP00000261842	0	0.744	0.900	0.862	0.996
AP4M1	APP	9606.ENSP00000403663	9606.ENSP00000284981	0	0	0.500	0.559	0.770
AP4M1	AP1G2	9606.ENSP00000403663	9606.ENSP00000312442	0	0.362	0.540	0.168	0.734
AP4M1	AP3S1	9606.ENSP00000403663	9606.ENSP00000325369	0	0	0.900	0	0.900
AP4M1	AP2A2	9606.ENSP00000403663	9606.ENSP00000327694	0	0	0.900	0	0.900
AP4M1	LAMP1	9606.ENSP00000403663	9606.ENSP00000333298	0	0	0	0.531	0.531
AP4M1	AP1S1	9606.ENSP00000403663	9606.ENSP00000336666	0	0.315	0.900	0.155	0.937
AP4M1	AP3S2	9606.ENSP00000403663	9606.ENSP00000338777	0	0	0.900	0	0.900
AP4M1	SUV39H2	9606.ENSP00000403663	9606.ENSP00000346997	0	0.616	0	0	0.616
AP4M1	AP3M1	9606.ENSP00000403663	9606.ENSP00000347408	0	0	0.540	0	0.540
AP4M1	AP1B1	9606.ENSP00000403663	9606.ENSP00000350199	0	0.353	0.540	0.088	0.704
AP4M1	AP2A1	9606.ENSP00000403663	9606.ENSP00000351926	0	0.245	0.900	0.145	0.929
AP4M1	AP4B1	9606.ENSP00000403663	9606.ENSP00000358582	0	0.774	0.900	0.962	0.999
AP4M1	SGIP1	9606.ENSP00000403663	9606.ENSP00000360076	0	0	0.720	0	0.720
AP4M1	SLC18A3	9606.ENSP00000403663	9606.ENSP00000363229	0	0	0.540	0	0.540
AP4M1	AP1G1	9606.ENSP00000403663	9606.ENSP00000377148	0	0.362	0.540	0.168	0.734
AP4M1	SPP1	9606.ENSP00000403663	9606.ENSP00000378517	0	0	0	0.907	0.907
AP4M1	AP1S3	9606.ENSP00000403663	9606.ENSP00000379891	0	0.315	0.540	0.155	0.710
AP4M1	USP47	9606.ENSP00000403663	9606.ENSP00000382382	0	0.518	0	0	0.518
AP4M1	AP1M1	9606.ENSP00000403663	9606.ENSP00000388996	0	0	0.540	0	0.540
AP4M1	AP2M1	9606.ENSP00000403663	9606.ENSP00000403362	0	0.044	0.900	0	0.900
AP4M1	ARF1	9606.ENSP00000403663	9606.ENSP00000440005	0	0.281	0	0.252	0.439
AP4M1	CLBA1	9606.ENSP00000403663	9606.ENSP00000450114	0	0	0.540	0	0.540
AP4M1	AP3B2	9606.ENSP00000403663	9606.ENSP00000440984	0	0	0.540	0	0.540
AP4M1	AP1M2	9606.ENSP00000403663	9606.ENSP00000465685	0	0	0.540	0	0.540
AP4M1	TEPSIN	9606.ENSP00000403663	9606.ENSP00000490393	0	0.670	0	0	0.670
AP4M1	AP3D1	9606.ENSP00000403663	9606.ENSP00000495274	0	0.245	0.540	0.131	0.671
AP4M1	SYNRG	9606.ENSP00000403663	9606.ENSP00000483453	0	0	0.720	0	0.720
AP4M1	AP3M2	9606.ENSP00000403663	9606.ENSP00000428787	0	0	0.720	0	0.720
AP4M1	AP1S2	9606.ENSP00000403663	9606.ENSP00000500695	0	0.315	0.720	0.155	0.823
AP4M1	AP5Z1	9606.ENSP00000403663	9606.ENSP00000497815	0	0	0.900	0	0.900
AP4M1	AP5B1	9606.ENSP00000403663	9606.ENSP00000454303	0	0	0.900	0	0.900
AP4M1	AP5S1	9606.ENSP00000403663	9606.ENSP00000481750	0	0	0.900	0	0.900
AP4M1	AP2S1	9606.ENSP00000403663	9606.ENSP00000470176	0	0	0.900	0	0.900
AP4M1	AP2B1	9606.ENSP00000403663	9606.ENSP00000483185	0	0.353	0.900	0.088	0.935
AP4S1	APP	9606.ENSP00000216366	9606.ENSP00000284981	0	0	0.500	0	0.499
AP4S1	SLC18A3	9606.ENSP00000216366	9606.ENSP00000363229	0	0	0.540	0	0.540
AP4S1	AP3M1	9606.ENSP00000216366	9606.ENSP00000347408	0	0	0.540	0	0.540
AP4S1	AP3B1	9606.ENSP00000216366	9606.ENSP00000255194	0	0	0.540	0	0.540
AP4S1	AP3B2	9606.ENSP00000216366	9606.ENSP00000440984	0	0	0.540	0	0.540
AP4S1	CLBA1	9606.ENSP00000216366	9606.ENSP00000450114	0	0	0.540	0	0.540
AP4S1	AP1S3	9606.ENSP00000216366	9606.ENSP00000379891	0	0	0.540	0	0.540
AP4S1	SUV39H2	9606.ENSP00000216366	9606.ENSP00000346997	0	0.610	0	0	0.610
AP4S1	AP3D1	9606.ENSP00000216366	9606.ENSP00000495274	0	0.217	0.540	0.116	0.653
AP4S1	TEPSIN	9606.ENSP00000216366	9606.ENSP00000490393	0	0.671	0	0	0.671
AP4S1	AP1B1	9606.ENSP00000216366	9606.ENSP00000350199	0	0.314	0.540	0.092	0.688
AP4S1	AP1M1	9606.ENSP00000216366	9606.ENSP00000388996	0	0.274	0.540	0.155	0.693
AP4S1	AP1M2	9606.ENSP00000216366	9606.ENSP00000465685	0	0.274	0.540	0.155	0.693
AP4S1	AP1G1	9606.ENSP00000216366	9606.ENSP00000377148	0	0.326	0.540	0.148	0.712
AP4S1	AP1G2	9606.ENSP00000216366	9606.ENSP00000312442	0	0.326	0.540	0.148	0.712
AP4S1	AP1S2	9606.ENSP00000216366	9606.ENSP00000500695	0	0	0.720	0	0.720
AP4S1	SGIP1	9606.ENSP00000216366	9606.ENSP00000360076	0	0	0.720	0	0.720
AP4S1	AP3M2	9606.ENSP00000216366	9606.ENSP00000428787	0	0	0.720	0	0.720
AP4S1	SYNRG	9606.ENSP00000216366	9606.ENSP00000483453	0	0	0.720	0	0.720
AP4S1	AP5S1	9606.ENSP00000216366	9606.ENSP00000481750	0	0	0.900	0	0.900
AP4S1	AP3S1	9606.ENSP00000216366	9606.ENSP00000325369	0	0	0.900	0	0.900
AP4S1	AP3S2	9606.ENSP00000216366	9606.ENSP00000338777	0	0	0.900	0	0.900
AP4S1	AP2S1	9606.ENSP00000216366	9606.ENSP00000470176	0	0	0.900	0	0.900
AP4S1	AP5Z1	9606.ENSP00000216366	9606.ENSP00000497815	0	0	0.900	0	0.900
AP4S1	AP5B1	9606.ENSP00000216366	9606.ENSP00000454303	0	0	0.900	0	0.900
AP4S1	AP2M1	9606.ENSP00000216366	9606.ENSP00000403362	0	0	0.900	0	0.900
AP4S1	AP2A2	9606.ENSP00000216366	9606.ENSP00000327694	0	0	0.900	0	0.900
AP4S1	AFTPH	9606.ENSP00000216366	9606.ENSP00000238855	0	0	0.900	0	0.900
AP4S1	AP1S1	9606.ENSP00000216366	9606.ENSP00000336666	0	0	0.900	0	0.900
AP4S1	AP2A1	9606.ENSP00000216366	9606.ENSP00000351926	0	0.217	0.900	0.116	0.924
AP4S1	AP5M1	9606.ENSP00000216366	9606.ENSP00000261558	0	0.245	0.900	0.136	0.929
AP4S1	AP2B1	9606.ENSP00000216366	9606.ENSP00000483185	0	0.314	0.900	0.092	0.932
AP4S1	AP4M1	9606.ENSP00000216366	9606.ENSP00000403663	0	0.561	0.900	0.913	0.995
AP4S1	AP4B1	9606.ENSP00000216366	9606.ENSP00000358582	0	0.751	0.900	0.926	0.998
AP4S1	AP4E1	9606.ENSP00000216366	9606.ENSP00000261842	0	0.743	0.900	0.964	0.999
AP5B1	AP4S1	9606.ENSP00000454303	9606.ENSP00000216366	0	0	0.900	0	0.900
AP5B1	AFTPH	9606.ENSP00000454303	9606.ENSP00000238855	0	0	0.900	0	0.900
AP5B1	AP3B1	9606.ENSP00000454303	9606.ENSP00000255194	0	0	0.540	0	0.540
AP5B1	AP5M1	9606.ENSP00000454303	9606.ENSP00000261558	0	0.639	0.900	0.629	0.985
AP5B1	AP4E1	9606.ENSP00000454303	9606.ENSP00000261842	0	0	0.900	0	0.900
AP5B1	AP1G2	9606.ENSP00000454303	9606.ENSP00000312442	0	0	0.540	0	0.540
AP5B1	AP3S1	9606.ENSP00000454303	9606.ENSP00000325369	0	0	0.900	0	0.900
AP5B1	AP2A2	9606.ENSP00000454303	9606.ENSP00000327694	0	0	0.900	0	0.900
AP5B1	AP1S1	9606.ENSP00000454303	9606.ENSP00000336666	0	0	0.900	0	0.900
AP5B1	AP3S2	9606.ENSP00000454303	9606.ENSP00000338777	0	0	0.900	0	0.900
AP5B1	AP3M1	9606.ENSP00000454303	9606.ENSP00000347408	0	0	0.540	0	0.540
AP5B1	AP1B1	9606.ENSP00000454303	9606.ENSP00000350199	0	0	0.540	0	0.540
AP5B1	AP2A1	9606.ENSP00000454303	9606.ENSP00000351926	0	0	0.900	0	0.900
AP5B1	AP4B1	9606.ENSP00000454303	9606.ENSP00000358582	0	0	0.900	0	0.900
AP5B1	SGIP1	9606.ENSP00000454303	9606.ENSP00000360076	0	0	0.720	0.065	0.727
AP5B1	SLC18A3	9606.ENSP00000454303	9606.ENSP00000363229	0	0	0.540	0	0.540
AP5B1	AP1G1	9606.ENSP00000454303	9606.ENSP00000377148	0	0	0.540	0	0.540
AP5B1	AP1S3	9606.ENSP00000454303	9606.ENSP00000379891	0	0	0.540	0	0.540
AP5B1	AP1M1	9606.ENSP00000454303	9606.ENSP00000388996	0	0	0.540	0	0.540
AP5B1	AP2M1	9606.ENSP00000454303	9606.ENSP00000403362	0	0	0.900	0	0.900
AP5B1	AP4M1	9606.ENSP00000454303	9606.ENSP00000403663	0	0	0.900	0	0.900
AP5B1	AP3M2	9606.ENSP00000454303	9606.ENSP00000428787	0	0	0.720	0	0.720
AP5B1	AP3B2	9606.ENSP00000454303	9606.ENSP00000440984	0	0	0.540	0	0.540
AP5B1	CLBA1	9606.ENSP00000454303	9606.ENSP00000450114	0	0	0.540	0	0.540
AP5B1	AP1M2	9606.ENSP00000454303	9606.ENSP00000465685	0	0	0.540	0	0.540
AP5B1	AP3D1	9606.ENSP00000454303	9606.ENSP00000495274	0	0	0.540	0	0.540
AP5B1	AP1S2	9606.ENSP00000454303	9606.ENSP00000500695	0	0	0.720	0	0.720
AP5B1	SYNRG	9606.ENSP00000454303	9606.ENSP00000483453	0	0	0.720	0	0.720
AP5B1	AP2B1	9606.ENSP00000454303	9606.ENSP00000483185	0	0	0.900	0	0.900
AP5B1	AP2S1	9606.ENSP00000454303	9606.ENSP00000470176	0	0	0.900	0	0.900
AP5B1	AP5Z1	9606.ENSP00000454303	9606.ENSP00000497815	0	0	0.900	0.565	0.954
AP5B1	AP5S1	9606.ENSP00000454303	9606.ENSP00000481750	0	0.526	0.900	0.764	0.987
AP5M1	AP4S1	9606.ENSP00000261558	9606.ENSP00000216366	0	0.245	0.900	0.136	0.929
AP5M1	AFTPH	9606.ENSP00000261558	9606.ENSP00000238855	0	0	0.900	0	0.900
AP5M1	AP3B1	9606.ENSP00000261558	9606.ENSP00000255194	0	0	0.540	0	0.540
AP5M1	SPP1	9606.ENSP00000261558	9606.ENSP00000378517	0	0	0	0.482	0.482
AP5M1	AP1M2	9606.ENSP00000261558	9606.ENSP00000465685	0	0	0.540	0	0.540
AP5M1	AP1M1	9606.ENSP00000261558	9606.ENSP00000388996	0	0	0.540	0	0.540
AP5M1	AP3B2	9606.ENSP00000261558	9606.ENSP00000440984	0	0	0.540	0	0.540
AP5M1	CLBA1	9606.ENSP00000261558	9606.ENSP00000450114	0	0	0.540	0	0.540
AP5M1	AP3M1	9606.ENSP00000261558	9606.ENSP00000347408	0	0	0.540	0	0.540
AP5M1	SLC18A3	9606.ENSP00000261558	9606.ENSP00000363229	0	0	0.540	0	0.540
AP5M1	AP1S3	9606.ENSP00000261558	9606.ENSP00000379891	0	0.245	0.540	0.131	0.671
AP5M1	AP3D1	9606.ENSP00000261558	9606.ENSP00000495274	0	0.245	0.540	0.131	0.671
AP5M1	AP1G2	9606.ENSP00000261558	9606.ENSP00000312442	0	0.256	0.540	0.131	0.676
AP5M1	AP1G1	9606.ENSP00000261558	9606.ENSP00000377148	0	0.256	0.540	0.131	0.676
AP5M1	AP1B1	9606.ENSP00000261558	9606.ENSP00000350199	0	0.311	0.540	0.088	0.685
AP5M1	SYNRG	9606.ENSP00000261558	9606.ENSP00000483453	0	0	0.720	0	0.720
AP5M1	AP3M2	9606.ENSP00000261558	9606.ENSP00000428787	0	0	0.720	0	0.720
AP5M1	SGIP1	9606.ENSP00000261558	9606.ENSP00000360076	0	0	0.720	0	0.720
AP5M1	AP1S2	9606.ENSP00000261558	9606.ENSP00000500695	0	0.245	0.720	0.131	0.800
AP5M1	AP3S1	9606.ENSP00000261558	9606.ENSP00000325369	0	0	0.900	0	0.900
AP5M1	AP2M1	9606.ENSP00000261558	9606.ENSP00000403362	0	0.044	0.900	0	0.900
AP5M1	AP2A2	9606.ENSP00000261558	9606.ENSP00000327694	0	0	0.900	0	0.900
AP5M1	AP3S2	9606.ENSP00000261558	9606.ENSP00000338777	0	0	0.900	0	0.900
AP5M1	AP2S1	9606.ENSP00000261558	9606.ENSP00000470176	0	0	0.900	0	0.900
AP5M1	AP1S1	9606.ENSP00000261558	9606.ENSP00000336666	0	0.245	0.900	0.131	0.928
AP5M1	AP2A1	9606.ENSP00000261558	9606.ENSP00000351926	0	0.245	0.900	0.145	0.929
AP5M1	AP4E1	9606.ENSP00000261558	9606.ENSP00000261842	0	0.256	0.900	0.131	0.929
AP5M1	AP2B1	9606.ENSP00000261558	9606.ENSP00000483185	0	0.311	0.900	0.088	0.931
AP5M1	AP4B1	9606.ENSP00000261558	9606.ENSP00000358582	0	0.311	0.900	0.088	0.931
AP5M1	AP5Z1	9606.ENSP00000261558	9606.ENSP00000497815	0	0	0.900	0.394	0.936
AP5M1	AP4M1	9606.ENSP00000261558	9606.ENSP00000403663	0	0	0.900	0.510	0.948
AP5M1	AP5B1	9606.ENSP00000261558	9606.ENSP00000454303	0	0.639	0.900	0.629	0.985
AP5M1	AP5S1	9606.ENSP00000261558	9606.ENSP00000481750	0	0.626	0.900	0.905	0.996
AP5S1	AP4S1	9606.ENSP00000481750	9606.ENSP00000216366	0	0	0.900	0	0.900
AP5S1	AFTPH	9606.ENSP00000481750	9606.ENSP00000238855	0	0	0.900	0	0.900
AP5S1	AP3B1	9606.ENSP00000481750	9606.ENSP00000255194	0	0	0.540	0	0.540
AP5S1	AP5M1	9606.ENSP00000481750	9606.ENSP00000261558	0	0.626	0.900	0.905	0.996
AP5S1	AP4E1	9606.ENSP00000481750	9606.ENSP00000261842	0	0	0.900	0	0.900
AP5S1	AP1G2	9606.ENSP00000481750	9606.ENSP00000312442	0	0	0.540	0	0.540
AP5S1	AP3S1	9606.ENSP00000481750	9606.ENSP00000325369	0	0	0.900	0	0.900
AP5S1	AP2A2	9606.ENSP00000481750	9606.ENSP00000327694	0	0	0.900	0	0.900
AP5S1	AP1S1	9606.ENSP00000481750	9606.ENSP00000336666	0	0	0.900	0	0.900
AP5S1	AP3S2	9606.ENSP00000481750	9606.ENSP00000338777	0	0	0.900	0	0.900
AP5S1	AP3M1	9606.ENSP00000481750	9606.ENSP00000347408	0	0	0.540	0	0.540
AP5S1	AP1B1	9606.ENSP00000481750	9606.ENSP00000350199	0	0	0.540	0	0.540
AP5S1	AP2A1	9606.ENSP00000481750	9606.ENSP00000351926	0	0	0.900	0	0.900
AP5S1	AP4B1	9606.ENSP00000481750	9606.ENSP00000358582	0	0	0.900	0	0.900
AP5S1	SGIP1	9606.ENSP00000481750	9606.ENSP00000360076	0	0	0.720	0	0.720
AP5S1	SLC18A3	9606.ENSP00000481750	9606.ENSP00000363229	0	0	0.540	0	0.540
AP5S1	AP1G1	9606.ENSP00000481750	9606.ENSP00000377148	0	0	0.540	0	0.540
AP5S1	AP1S3	9606.ENSP00000481750	9606.ENSP00000379891	0	0	0.540	0	0.540
AP5S1	AP1M1	9606.ENSP00000481750	9606.ENSP00000388996	0	0	0.540	0	0.540
AP5S1	AP2M1	9606.ENSP00000481750	9606.ENSP00000403362	0	0	0.900	0	0.900
AP5S1	AP4M1	9606.ENSP00000481750	9606.ENSP00000403663	0	0	0.900	0	0.900
AP5S1	AP3M2	9606.ENSP00000481750	9606.ENSP00000428787	0	0	0.720	0	0.720
AP5S1	AP3B2	9606.ENSP00000481750	9606.ENSP00000440984	0	0	0.540	0	0.540
AP5S1	CLBA1	9606.ENSP00000481750	9606.ENSP00000450114	0	0	0.540	0	0.540
AP5S1	AP5B1	9606.ENSP00000481750	9606.ENSP00000454303	0	0.526	0.900	0.764	0.987
AP5S1	AP1M2	9606.ENSP00000481750	9606.ENSP00000465685	0	0	0.540	0	0.540
AP5S1	AP2S1	9606.ENSP00000481750	9606.ENSP00000470176	0	0	0.900	0	0.900
AP5S1	AP3D1	9606.ENSP00000481750	9606.ENSP00000495274	0	0	0.540	0	0.540
AP5S1	AP1S2	9606.ENSP00000481750	9606.ENSP00000500695	0	0	0.720	0	0.720
AP5S1	SYNRG	9606.ENSP00000481750	9606.ENSP00000483453	0	0	0.720	0	0.720
AP5S1	AP2B1	9606.ENSP00000481750	9606.ENSP00000483185	0	0	0.900	0	0.900
AP5S1	AP5Z1	9606.ENSP00000481750	9606.ENSP00000497815	0	0.181	0.900	0.530	0.958
AP5Z1	AP4S1	9606.ENSP00000497815	9606.ENSP00000216366	0	0	0.900	0	0.900
AP5Z1	AFTPH	9606.ENSP00000497815	9606.ENSP00000238855	0	0	0.900	0	0.900
AP5Z1	AP3B1	9606.ENSP00000497815	9606.ENSP00000255194	0	0	0.540	0	0.540
AP5Z1	AP5M1	9606.ENSP00000497815	9606.ENSP00000261558	0	0	0.900	0.394	0.936
AP5Z1	AP4E1	9606.ENSP00000497815	9606.ENSP00000261842	0	0	0.900	0	0.900
AP5Z1	AP1G2	9606.ENSP00000497815	9606.ENSP00000312442	0	0	0.540	0	0.540
AP5Z1	AP3S1	9606.ENSP00000497815	9606.ENSP00000325369	0	0	0.900	0	0.900
AP5Z1	AP2A2	9606.ENSP00000497815	9606.ENSP00000327694	0	0	0.900	0	0.900
AP5Z1	AP1S1	9606.ENSP00000497815	9606.ENSP00000336666	0	0	0.900	0	0.900
AP5Z1	AP3S2	9606.ENSP00000497815	9606.ENSP00000338777	0	0	0.900	0	0.900
AP5Z1	AP3M1	9606.ENSP00000497815	9606.ENSP00000347408	0	0	0.540	0	0.540
AP5Z1	AP1B1	9606.ENSP00000497815	9606.ENSP00000350199	0	0	0.540	0	0.540
AP5Z1	AP2A1	9606.ENSP00000497815	9606.ENSP00000351926	0	0	0.900	0	0.900
AP5Z1	AP4B1	9606.ENSP00000497815	9606.ENSP00000358582	0	0	0.900	0	0.900
AP5Z1	SGIP1	9606.ENSP00000497815	9606.ENSP00000360076	0	0	0.720	0	0.720
AP5Z1	SLC18A3	9606.ENSP00000497815	9606.ENSP00000363229	0	0	0.540	0	0.540
AP5Z1	AP1G1	9606.ENSP00000497815	9606.ENSP00000377148	0	0	0.540	0	0.540
AP5Z1	AP1S3	9606.ENSP00000497815	9606.ENSP00000379891	0	0	0.540	0	0.540
AP5Z1	AP1M1	9606.ENSP00000497815	9606.ENSP00000388996	0	0	0.540	0	0.540
AP5Z1	AP2M1	9606.ENSP00000497815	9606.ENSP00000403362	0	0	0.900	0	0.900
AP5Z1	AP4M1	9606.ENSP00000497815	9606.ENSP00000403663	0	0	0.900	0	0.900
AP5Z1	AP3M2	9606.ENSP00000497815	9606.ENSP00000428787	0	0	0.720	0	0.720
AP5Z1	AP3B2	9606.ENSP00000497815	9606.ENSP00000440984	0	0	0.540	0	0.540
AP5Z1	CLBA1	9606.ENSP00000497815	9606.ENSP00000450114	0	0	0.540	0	0.540
AP5Z1	AP5B1	9606.ENSP00000497815	9606.ENSP00000454303	0	0	0.900	0.565	0.954
AP5Z1	AP1M2	9606.ENSP00000497815	9606.ENSP00000465685	0	0	0.540	0	0.540
AP5Z1	AP2S1	9606.ENSP00000497815	9606.ENSP00000470176	0	0	0.900	0	0.900
AP5Z1	AP5S1	9606.ENSP00000497815	9606.ENSP00000481750	0	0.181	0.900	0.530	0.958
AP5Z1	AP2B1	9606.ENSP00000497815	9606.ENSP00000483185	0	0	0.900	0	0.900
AP5Z1	SYNRG	9606.ENSP00000497815	9606.ENSP00000483453	0	0	0.720	0	0.720
AP5Z1	AP3D1	9606.ENSP00000497815	9606.ENSP00000495274	0	0	0.540	0	0.540
AP5Z1	AP1S2	9606.ENSP00000497815	9606.ENSP00000500695	0	0	0.720	0	0.720
APP	AP4S1	9606.ENSP00000284981	9606.ENSP00000216366	0	0	0.500	0	0.499
APP	AP4E1	9606.ENSP00000284981	9606.ENSP00000261842	0	0	0.500	0	0.499
APP	AP4B1	9606.ENSP00000284981	9606.ENSP00000358582	0	0	0.500	0	0.499
APP	AP4M1	9606.ENSP00000284981	9606.ENSP00000403663	0	0	0.500	0.559	0.770
ARF1	AP3B1	9606.ENSP00000440005	9606.ENSP00000255194	0	0.292	0.500	0.089	0.649
ARF1	AP4E1	9606.ENSP00000440005	9606.ENSP00000261842	0	0.292	0.500	0.082	0.646
ARF1	AP3S1	9606.ENSP00000440005	9606.ENSP00000325369	0	0	0.500	0	0.499
ARF1	AP1S1	9606.ENSP00000440005	9606.ENSP00000336666	0	0	0.500	0	0.499
ARF1	AP1B1	9606.ENSP00000440005	9606.ENSP00000350199	0	0.963	0.500	0	0.981
ARF1	AP4B1	9606.ENSP00000440005	9606.ENSP00000358582	0	0.133	0.500	0	0.547
ARF1	AP1G1	9606.ENSP00000440005	9606.ENSP00000377148	0	0.933	0.500	0.110	0.967
ARF1	AP1S3	9606.ENSP00000440005	9606.ENSP00000379891	0	0.800	0.500	0	0.895
ARF1	AP1M1	9606.ENSP00000440005	9606.ENSP00000388996	0	0.906	0.500	0	0.951
ARF1	AP4M1	9606.ENSP00000440005	9606.ENSP00000403663	0	0.281	0	0.252	0.439
ARF1	AP1S2	9606.ENSP00000440005	9606.ENSP00000500695	0	0	0.500	0	0.499
ARF1	AP1M2	9606.ENSP00000440005	9606.ENSP00000465685	0	0.105	0.500	0	0.533
CLBA1	AP4S1	9606.ENSP00000450114	9606.ENSP00000216366	0	0	0.540	0	0.540
CLBA1	AFTPH	9606.ENSP00000450114	9606.ENSP00000238855	0	0	0.540	0	0.540
CLBA1	AP3B1	9606.ENSP00000450114	9606.ENSP00000255194	0	0	0.540	0	0.540
CLBA1	AP5M1	9606.ENSP00000450114	9606.ENSP00000261558	0	0	0.540	0	0.540
CLBA1	AP4E1	9606.ENSP00000450114	9606.ENSP00000261842	0	0	0.540	0	0.540
CLBA1	AP1G2	9606.ENSP00000450114	9606.ENSP00000312442	0	0	0.540	0	0.540
CLBA1	AP3S1	9606.ENSP00000450114	9606.ENSP00000325369	0	0	0.540	0	0.540
CLBA1	AP2A2	9606.ENSP00000450114	9606.ENSP00000327694	0	0	0.540	0	0.540
CLBA1	AP1S1	9606.ENSP00000450114	9606.ENSP00000336666	0	0	0.540	0	0.540
CLBA1	AP3S2	9606.ENSP00000450114	9606.ENSP00000338777	0	0	0.540	0	0.540
CLBA1	AP3M1	9606.ENSP00000450114	9606.ENSP00000347408	0	0	0.540	0	0.540
CLBA1	AP1B1	9606.ENSP00000450114	9606.ENSP00000350199	0	0	0.540	0	0.540
CLBA1	AP2A1	9606.ENSP00000450114	9606.ENSP00000351926	0	0	0.540	0	0.540
CLBA1	AP4B1	9606.ENSP00000450114	9606.ENSP00000358582	0	0	0.540	0	0.540
CLBA1	SGIP1	9606.ENSP00000450114	9606.ENSP00000360076	0	0	0.540	0	0.540
CLBA1	SLC18A3	9606.ENSP00000450114	9606.ENSP00000363229	0	0	0.540	0	0.540
CLBA1	AP1G1	9606.ENSP00000450114	9606.ENSP00000377148	0	0	0.540	0	0.540
CLBA1	AP1S3	9606.ENSP00000450114	9606.ENSP00000379891	0	0	0.540	0	0.540
CLBA1	AP1M1	9606.ENSP00000450114	9606.ENSP00000388996	0	0	0.540	0	0.540
CLBA1	AP2M1	9606.ENSP00000450114	9606.ENSP00000403362	0	0	0.540	0	0.540
CLBA1	AP4M1	9606.ENSP00000450114	9606.ENSP00000403663	0	0	0.540	0	0.540
CLBA1	AP3M2	9606.ENSP00000450114	9606.ENSP00000428787	0	0	0.540	0	0.540
CLBA1	AP3B2	9606.ENSP00000450114	9606.ENSP00000440984	0	0	0.540	0	0.540
CLBA1	SYNRG	9606.ENSP00000450114	9606.ENSP00000483453	0	0	0.540	0	0.540
CLBA1	AP1S2	9606.ENSP00000450114	9606.ENSP00000500695	0	0	0.540	0	0.540
CLBA1	AP5S1	9606.ENSP00000450114	9606.ENSP00000481750	0	0	0.540	0	0.540
CLBA1	AP1M2	9606.ENSP00000450114	9606.ENSP00000465685	0	0	0.540	0	0.540
CLBA1	AP2B1	9606.ENSP00000450114	9606.ENSP00000483185	0	0	0.540	0	0.540
CLBA1	AP3D1	9606.ENSP00000450114	9606.ENSP00000495274	0	0	0.540	0	0.540
CLBA1	AP2S1	9606.ENSP00000450114	9606.ENSP00000470176	0	0	0.540	0	0.540
CLBA1	AP5Z1	9606.ENSP00000450114	9606.ENSP00000497815	0	0	0.540	0	0.540
CLBA1	AP5B1	9606.ENSP00000450114	9606.ENSP00000454303	0	0	0.540	0	0.540
LAMP1	AP4M1	9606.ENSP00000333298	9606.ENSP00000403663	0	0	0	0.531	0.531
SGIP1	AP4S1	9606.ENSP00000360076	9606.ENSP00000216366	0	0	0.720	0	0.720
SGIP1	AFTPH	9606.ENSP00000360076	9606.ENSP00000238855	0	0	0.720	0	0.720
SGIP1	AP3B1	9606.ENSP00000360076	9606.ENSP00000255194	0	0	0.540	0	0.540
SGIP1	AP5M1	9606.ENSP00000360076	9606.ENSP00000261558	0	0	0.720	0	0.720
SGIP1	AP4E1	9606.ENSP00000360076	9606.ENSP00000261842	0	0	0.720	0	0.720
SGIP1	AP1G2	9606.ENSP00000360076	9606.ENSP00000312442	0	0	0.540	0	0.540
SGIP1	AP3S1	9606.ENSP00000360076	9606.ENSP00000325369	0	0	0.720	0	0.720
SGIP1	AP2A2	9606.ENSP00000360076	9606.ENSP00000327694	0	0.549	0.720	0	0.868
SGIP1	AP1S1	9606.ENSP00000360076	9606.ENSP00000336666	0	0	0.720	0	0.720
SGIP1	AP3S2	9606.ENSP00000360076	9606.ENSP00000338777	0	0	0.720	0	0.720
SGIP1	AP3M1	9606.ENSP00000360076	9606.ENSP00000347408	0	0	0.540	0	0.540
SGIP1	AP1B1	9606.ENSP00000360076	9606.ENSP00000350199	0	0.418	0.540	0	0.720
SGIP1	AP2A1	9606.ENSP00000360076	9606.ENSP00000351926	0	0.300	0.720	0	0.795
SGIP1	AP4B1	9606.ENSP00000360076	9606.ENSP00000358582	0	0	0.720	0	0.720
SGIP1	AP1S3	9606.ENSP00000360076	9606.ENSP00000379891	0	0	0.540	0	0.540
SGIP1	CLBA1	9606.ENSP00000360076	9606.ENSP00000450114	0	0	0.540	0	0.540
SGIP1	AP1G1	9606.ENSP00000360076	9606.ENSP00000377148	0	0	0.540	0	0.540
SGIP1	AP3D1	9606.ENSP00000360076	9606.ENSP00000495274	0	0	0.540	0	0.540
SGIP1	AP1M1	9606.ENSP00000360076	9606.ENSP00000388996	0	0	0.540	0	0.540
SGIP1	AP3B2	9606.ENSP00000360076	9606.ENSP00000440984	0	0	0.540	0	0.540
SGIP1	SLC18A3	9606.ENSP00000360076	9606.ENSP00000363229	0	0	0.540	0	0.540
SGIP1	AP1M2	9606.ENSP00000360076	9606.ENSP00000465685	0	0	0.540	0	0.540
SGIP1	AP5Z1	9606.ENSP00000360076	9606.ENSP00000497815	0	0	0.720	0	0.720
SGIP1	AP5S1	9606.ENSP00000360076	9606.ENSP00000481750	0	0	0.720	0	0.720
SGIP1	AP3M2	9606.ENSP00000360076	9606.ENSP00000428787	0	0	0.720	0	0.720
SGIP1	AP4M1	9606.ENSP00000360076	9606.ENSP00000403663	0	0	0.720	0	0.720
SGIP1	AP1S2	9606.ENSP00000360076	9606.ENSP00000500695	0	0	0.720	0	0.720
SGIP1	AP5B1	9606.ENSP00000360076	9606.ENSP00000454303	0	0	0.720	0.065	0.727
SGIP1	SYNRG	9606.ENSP00000360076	9606.ENSP00000483453	0	0	0.720	0.116	0.741
SGIP1	AP2M1	9606.ENSP00000360076	9606.ENSP00000403362	0	0.262	0.720	0	0.784
SGIP1	AP2S1	9606.ENSP00000360076	9606.ENSP00000470176	0	0.439	0.720	0	0.836
SGIP1	AP2B1	9606.ENSP00000360076	9606.ENSP00000483185	0	0.475	0.720	0	0.846
SLC18A3	AP4S1	9606.ENSP00000363229	9606.ENSP00000216366	0	0	0.540	0	0.540
SLC18A3	AFTPH	9606.ENSP00000363229	9606.ENSP00000238855	0	0	0.540	0	0.540
SLC18A3	AP3B1	9606.ENSP00000363229	9606.ENSP00000255194	0	0	0.540	0	0.540
SLC18A3	AP5M1	9606.ENSP00000363229	9606.ENSP00000261558	0	0	0.540	0	0.540
SLC18A3	AP4E1	9606.ENSP00000363229	9606.ENSP00000261842	0	0	0.540	0	0.540
SLC18A3	AP1G2	9606.ENSP00000363229	9606.ENSP00000312442	0	0	0.540	0	0.540
SLC18A3	AP3S1	9606.ENSP00000363229	9606.ENSP00000325369	0	0	0.540	0	0.540
SLC18A3	AP2A2	9606.ENSP00000363229	9606.ENSP00000327694	0	0	0.540	0	0.540
SLC18A3	AP1S1	9606.ENSP00000363229	9606.ENSP00000336666	0	0	0.540	0	0.540
SLC18A3	AP3S2	9606.ENSP00000363229	9606.ENSP00000338777	0	0	0.540	0	0.540
SLC18A3	AP3M1	9606.ENSP00000363229	9606.ENSP00000347408	0	0	0.540	0	0.540
SLC18A3	AP1B1	9606.ENSP00000363229	9606.ENSP00000350199	0	0	0.540	0	0.540
SLC18A3	AP2A1	9606.ENSP00000363229	9606.ENSP00000351926	0	0	0.540	0	0.540
SLC18A3	AP4B1	9606.ENSP00000363229	9606.ENSP00000358582	0	0	0.540	0	0.540
SLC18A3	SGIP1	9606.ENSP00000363229	9606.ENSP00000360076	0	0	0.540	0	0.540
SLC18A3	AP2B1	9606.ENSP00000363229	9606.ENSP00000483185	0	0	0.540	0	0.540
SLC18A3	AP1S3	9606.ENSP00000363229	9606.ENSP00000379891	0	0	0.540	0	0.540
SLC18A3	CLBA1	9606.ENSP00000363229	9606.ENSP00000450114	0	0	0.540	0	0.540
SLC18A3	AP2M1	9606.ENSP00000363229	9606.ENSP00000403362	0	0	0.540	0	0.540
SLC18A3	AP3B2	9606.ENSP00000363229	9606.ENSP00000440984	0	0	0.540	0	0.540
SLC18A3	AP3M2	9606.ENSP00000363229	9606.ENSP00000428787	0	0	0.540	0	0.540
SLC18A3	AP1G1	9606.ENSP00000363229	9606.ENSP00000377148	0	0	0.540	0	0.540
SLC18A3	SYNRG	9606.ENSP00000363229	9606.ENSP00000483453	0	0	0.540	0	0.540
SLC18A3	AP1M2	9606.ENSP00000363229	9606.ENSP00000465685	0	0	0.540	0	0.540
SLC18A3	AP1M1	9606.ENSP00000363229	9606.ENSP00000388996	0	0	0.540	0	0.540
SLC18A3	AP3D1	9606.ENSP00000363229	9606.ENSP00000495274	0	0	0.540	0	0.540
SLC18A3	AP5Z1	9606.ENSP00000363229	9606.ENSP00000497815	0	0	0.540	0	0.540
SLC18A3	AP5B1	9606.ENSP00000363229	9606.ENSP00000454303	0	0	0.540	0	0.540
SLC18A3	AP2S1	9606.ENSP00000363229	9606.ENSP00000470176	0	0	0.540	0	0.540
SLC18A3	AP4M1	9606.ENSP00000363229	9606.ENSP00000403663	0	0	0.540	0	0.540
SLC18A3	AP1S2	9606.ENSP00000363229	9606.ENSP00000500695	0	0	0.540	0	0.540
SLC18A3	AP5S1	9606.ENSP00000363229	9606.ENSP00000481750	0	0	0.540	0	0.540
SPP1	AP5M1	9606.ENSP00000378517	9606.ENSP00000261558	0	0	0	0.482	0.482
SPP1	AP4M1	9606.ENSP00000378517	9606.ENSP00000403663	0	0	0	0.907	0.907
SUV39H2	AP4S1	9606.ENSP00000346997	9606.ENSP00000216366	0	0.610	0	0	0.610
SUV39H2	AP4E1	9606.ENSP00000346997	9606.ENSP00000261842	0	0.639	0	0	0.639
SUV39H2	AP4M1	9606.ENSP00000346997	9606.ENSP00000403663	0	0.616	0	0	0.616
SYNRG	AP4S1	9606.ENSP00000483453	9606.ENSP00000216366	0	0	0.720	0	0.720
SYNRG	AFTPH	9606.ENSP00000483453	9606.ENSP00000238855	0	0.671	0.720	0	0.903
SYNRG	AP3B1	9606.ENSP00000483453	9606.ENSP00000255194	0	0	0.540	0	0.540
SYNRG	AP5M1	9606.ENSP00000483453	9606.ENSP00000261558	0	0	0.720	0	0.720
SYNRG	AP4E1	9606.ENSP00000483453	9606.ENSP00000261842	0	0	0.720	0	0.720
SYNRG	AP1G2	9606.ENSP00000483453	9606.ENSP00000312442	0	0.592	0.540	0	0.804
SYNRG	AP3S1	9606.ENSP00000483453	9606.ENSP00000325369	0	0	0.720	0	0.720
SYNRG	AP2A2	9606.ENSP00000483453	9606.ENSP00000327694	0	0	0.720	0	0.720
SYNRG	AP1S1	9606.ENSP00000483453	9606.ENSP00000336666	0	0	0.720	0	0.720
SYNRG	AP3S2	9606.ENSP00000483453	9606.ENSP00000338777	0	0	0.720	0	0.720
SYNRG	AP3M1	9606.ENSP00000483453	9606.ENSP00000347408	0	0	0.540	0	0.540
SYNRG	AP1B1	9606.ENSP00000483453	9606.ENSP00000350199	0	0.431	0.540	0.079	0.737
SYNRG	AP2A1	9606.ENSP00000483453	9606.ENSP00000351926	0	0	0.720	0	0.720
SYNRG	AP4B1	9606.ENSP00000483453	9606.ENSP00000358582	0	0	0.720	0.079	0.731
SYNRG	SGIP1	9606.ENSP00000483453	9606.ENSP00000360076	0	0	0.720	0.116	0.741
SYNRG	SLC18A3	9606.ENSP00000483453	9606.ENSP00000363229	0	0	0.540	0	0.540
SYNRG	AP1G1	9606.ENSP00000483453	9606.ENSP00000377148	0	0.457	0.540	0.200	0.782
SYNRG	AP1S3	9606.ENSP00000483453	9606.ENSP00000379891	0	0.607	0.540	0	0.811
SYNRG	AP1M1	9606.ENSP00000483453	9606.ENSP00000388996	0	0	0.540	0	0.540
SYNRG	AP2M1	9606.ENSP00000483453	9606.ENSP00000403362	0	0	0.720	0	0.720
SYNRG	AP4M1	9606.ENSP00000483453	9606.ENSP00000403663	0	0	0.720	0	0.720
SYNRG	AP3M2	9606.ENSP00000483453	9606.ENSP00000428787	0	0	0.720	0	0.720
SYNRG	AP3B2	9606.ENSP00000483453	9606.ENSP00000440984	0	0	0.540	0	0.540
SYNRG	CLBA1	9606.ENSP00000483453	9606.ENSP00000450114	0	0	0.540	0	0.540
SYNRG	AP5B1	9606.ENSP00000483453	9606.ENSP00000454303	0	0	0.720	0	0.720
SYNRG	AP1M2	9606.ENSP00000483453	9606.ENSP00000465685	0	0.584	0.540	0	0.800
SYNRG	AP2S1	9606.ENSP00000483453	9606.ENSP00000470176	0	0	0.720	0	0.720
SYNRG	AP5S1	9606.ENSP00000483453	9606.ENSP00000481750	0	0	0.720	0	0.720
SYNRG	AP2B1	9606.ENSP00000483453	9606.ENSP00000483185	0	0.137	0.720	0.079	0.758
SYNRG	AP3D1	9606.ENSP00000483453	9606.ENSP00000495274	0	0	0.540	0	0.540
SYNRG	AP5Z1	9606.ENSP00000483453	9606.ENSP00000497815	0	0	0.720	0	0.720
SYNRG	AP1S2	9606.ENSP00000483453	9606.ENSP00000500695	0	0.617	0.720	0	0.888
TEPSIN	AP4S1	9606.ENSP00000490393	9606.ENSP00000216366	0	0.671	0	0	0.671
TEPSIN	AP4E1	9606.ENSP00000490393	9606.ENSP00000261842	0	0.670	0	0	0.670
TEPSIN	AP4B1	9606.ENSP00000490393	9606.ENSP00000358582	0	0.619	0	0	0.619
TEPSIN	AP4M1	9606.ENSP00000490393	9606.ENSP00000403663	0	0.670	0	0	0.670
USP47	AP4M1	9606.ENSP00000382382	9606.ENSP00000403663	0	0.518	0	0	0.518
